-- MySQL dump 10.16  Distrib 10.1.12-MariaDB, for debian-linux-gnu (x86_64)
--
-- Host: localhost    Database: visumeistrugalas
-- ------------------------------------------------------
-- Server version	10.1.12-MariaDB-1~wily

/*!40101 SET @OLD_CHARACTER_SET_CLIENT=@@CHARACTER_SET_CLIENT */;
/*!40101 SET @OLD_CHARACTER_SET_RESULTS=@@CHARACTER_SET_RESULTS */;
/*!40101 SET @OLD_COLLATION_CONNECTION=@@COLLATION_CONNECTION */;
/*!40101 SET NAMES utf8 */;
/*!40103 SET @OLD_TIME_ZONE=@@TIME_ZONE */;
/*!40103 SET TIME_ZONE='+00:00' */;
/*!40014 SET @OLD_UNIQUE_CHECKS=@@UNIQUE_CHECKS, UNIQUE_CHECKS=0 */;
/*!40014 SET @OLD_FOREIGN_KEY_CHECKS=@@FOREIGN_KEY_CHECKS, FOREIGN_KEY_CHECKS=0 */;
/*!40101 SET @OLD_SQL_MODE=@@SQL_MODE, SQL_MODE='NO_AUTO_VALUE_ON_ZERO' */;
/*!40111 SET @OLD_SQL_NOTES=@@SQL_NOTES, SQL_NOTES=0 */;

--
-- Table structure for table `cities`
--

DROP TABLE IF EXISTS `cities`;
/*!40101 SET @saved_cs_client     = @@character_set_client */;
/*!40101 SET character_set_client = utf8 */;
CREATE TABLE `cities` (
  `id` int(11) NOT NULL AUTO_INCREMENT,
  `name` varchar(50) COLLATE utf8_unicode_ci NOT NULL,
  `country` varchar(100) COLLATE utf8_unicode_ci NOT NULL,
  `country_iso3166` varchar(100) COLLATE utf8_unicode_ci NOT NULL,
  PRIMARY KEY (`id`)
) ENGINE=InnoDB AUTO_INCREMENT=8 DEFAULT CHARSET=utf8 COLLATE=utf8_unicode_ci;
/*!40101 SET character_set_client = @saved_cs_client */;

--
-- Dumping data for table `cities`
--

LOCK TABLES `cities` WRITE;
/*!40000 ALTER TABLE `cities` DISABLE KEYS */;
INSERT INTO `cities` VALUES (1,'Vilnius','Lithuania','LT'),(2,'Paris','France','FR'),(3,'Berlin','Germany','DE'),(4,'London','UK','GB');
/*!40000 ALTER TABLE `cities` ENABLE KEYS */;
UNLOCK TABLES;

--
-- Table structure for table `contact`
--

DROP TABLE IF EXISTS `contact`;
/*!40101 SET @saved_cs_client     = @@character_set_client */;
/*!40101 SET character_set_client = utf8 */;
CREATE TABLE `contact` (
  `id` int(11) NOT NULL AUTO_INCREMENT,
  `email` varchar(255) COLLATE utf8_unicode_ci NOT NULL,
  `message` longtext COLLATE utf8_unicode_ci NOT NULL,
  `date` datetime NOT NULL,
  PRIMARY KEY (`id`)
) ENGINE=InnoDB AUTO_INCREMENT=4 DEFAULT CHARSET=utf8 COLLATE=utf8_unicode_ci;
/*!40101 SET character_set_client = @saved_cs_client */;

--
-- Dumping data for table `contact`
--

LOCK TABLES `contact` WRITE;
/*!40000 ALTER TABLE `contact` DISABLE KEYS */;
INSERT INTO `contact` VALUES (1,'vip@contact.lt','Please contact me ASAP!','0000-00-00 00:00:00'),(2,'info@contact.lt','Please provide more information','0000-00-00 00:00:00'),(3,'no.spam@contact.lt','Could you add Klaipeda/Lithuania?','0000-00-00 00:00:00');
/*!40000 ALTER TABLE `contact` ENABLE KEYS */;
UNLOCK TABLES;

--
-- Table structure for table `forecasts`
--

DROP TABLE IF EXISTS `forecasts`;
/*!40101 SET @saved_cs_client     = @@character_set_client */;
/*!40101 SET character_set_client = utf8 */;
CREATE TABLE `forecasts` (
  `id` int(11) NOT NULL AUTO_INCREMENT,
  `provider_id` int(11) DEFAULT NULL,
  `city_id` int(11) DEFAULT NULL,
  `forecast_date` date NOT NULL,
  `forecast_days` int(11) NOT NULL,
  `temperature_high` double DEFAULT NULL,
  `temperature_high_deviation` double DEFAULT NULL,
  `temperature_low` double DEFAULT NULL,
  `temperature_low_deviation` double DEFAULT NULL,
  `humidity` double DEFAULT NULL,
  `humidity_deviation` double DEFAULT NULL,
  `pressure` double DEFAULT NULL,
  `pressure_deviation` double DEFAULT NULL,
  PRIMARY KEY (`id`),
  UNIQUE KEY `UNIQ_6A95D6FA6F21BC278BAC62AF2E5B773BA53A8AA` (`forecast_date`,`city_id`,`forecast_days`,`provider_id`),
  KEY `IDX_6A95D6FAA53A8AA` (`provider_id`),
  KEY `IDX_6A95D6FA8BAC62AF` (`city_id`),
  CONSTRAINT `FK_6A95D6FA8BAC62AF` FOREIGN KEY (`city_id`) REFERENCES `cities` (`id`),
  CONSTRAINT `FK_6A95D6FAA53A8AA` FOREIGN KEY (`provider_id`) REFERENCES `providers` (`id`)
) ENGINE=InnoDB AUTO_INCREMENT=472 DEFAULT CHARSET=utf8 COLLATE=utf8_unicode_ci;
/*!40101 SET character_set_client = @saved_cs_client */;

--
-- Dumping data for table `forecasts`
--

LOCK TABLES `forecasts` WRITE;
/*!40000 ALTER TABLE `forecasts` DISABLE KEYS */;
INSERT INTO `forecasts` VALUES (1,3,1,'2016-05-05',1,18,NULL,7,NULL,57,NULL,NULL,NULL),(2,3,1,'2016-05-05',2,20,NULL,8,NULL,57,NULL,NULL,NULL),(3,3,1,'2016-05-05',3,21,NULL,9,NULL,55,NULL,NULL,NULL),(4,3,1,'2016-05-05',4,21,NULL,10,NULL,60,NULL,NULL,NULL),(5,3,1,'2016-05-05',5,22,NULL,11,NULL,60,NULL,NULL,NULL),(6,2,1,'2016-05-05',1,17,NULL,9,NULL,NULL,NULL,NULL,NULL),(7,2,1,'2016-05-05',2,18,NULL,8,NULL,NULL,NULL,NULL,NULL),(8,2,1,'2016-05-05',3,20,NULL,8,NULL,NULL,NULL,NULL,NULL),(9,2,1,'2016-05-05',4,20,NULL,10,NULL,NULL,NULL,NULL,NULL),(10,2,1,'2016-05-05',5,20,NULL,11,NULL,NULL,NULL,NULL,NULL),(11,3,2,'2016-05-05',1,24,NULL,13,NULL,52,NULL,NULL,NULL),(12,3,2,'2016-05-05',2,24,NULL,13,NULL,48,NULL,NULL,NULL),(13,3,2,'2016-05-05',3,26,NULL,15,NULL,50,NULL,NULL,NULL),(14,3,2,'2016-05-05',4,22,NULL,15,NULL,62,NULL,NULL,NULL),(15,3,2,'2016-05-05',5,22,NULL,13,NULL,69,NULL,NULL,NULL),(16,2,2,'2016-05-05',1,23,NULL,11,NULL,NULL,NULL,NULL,NULL),(17,2,2,'2016-05-05',2,23,NULL,12,NULL,NULL,NULL,NULL,NULL),(18,2,2,'2016-05-05',3,24,NULL,12,NULL,NULL,NULL,NULL,NULL),(19,2,2,'2016-05-05',4,21,NULL,15,NULL,NULL,NULL,NULL,NULL),(20,2,2,'2016-05-05',5,21,NULL,14,NULL,NULL,NULL,NULL,NULL),(21,3,3,'2016-05-05',1,23,NULL,10,NULL,47,NULL,NULL,NULL),(22,3,3,'2016-05-05',2,24,NULL,11,NULL,45,NULL,NULL,NULL),(23,3,3,'2016-05-05',3,24,NULL,11,NULL,47,NULL,NULL,NULL),(24,3,3,'2016-05-05',4,24,NULL,12,NULL,49,NULL,NULL,NULL),(25,3,3,'2016-05-05',5,25,NULL,14,NULL,54,NULL,NULL,NULL),(26,2,3,'2016-05-05',1,22,NULL,9,NULL,NULL,NULL,NULL,NULL),(27,2,3,'2016-05-05',2,22,NULL,10,NULL,NULL,NULL,NULL,NULL),(28,2,3,'2016-05-05',3,23,NULL,11,NULL,NULL,NULL,NULL,NULL),(29,2,3,'2016-05-05',4,22,NULL,11,NULL,NULL,NULL,NULL,NULL),(30,2,3,'2016-05-05',5,23,NULL,12,NULL,NULL,NULL,NULL,NULL),(31,3,4,'2016-05-05',1,22,NULL,12,NULL,59,NULL,NULL,NULL),(32,3,4,'2016-05-05',2,23,NULL,12,NULL,59,NULL,NULL,NULL),(33,3,4,'2016-05-05',3,25,NULL,13,NULL,55,NULL,NULL,NULL),(34,3,4,'2016-05-05',4,22,NULL,13,NULL,62,NULL,NULL,NULL),(35,3,4,'2016-05-05',5,21,NULL,12,NULL,67,NULL,NULL,NULL),(36,2,4,'2016-05-05',1,21,NULL,10,NULL,NULL,NULL,NULL,NULL),(37,2,4,'2016-05-05',2,21,NULL,12,NULL,NULL,NULL,NULL,NULL),(38,2,4,'2016-05-05',3,23,NULL,12,NULL,NULL,NULL,NULL,NULL),(39,2,4,'2016-05-05',4,23,NULL,13,NULL,NULL,NULL,NULL,NULL),(40,2,4,'2016-05-05',5,21,NULL,13,NULL,NULL,NULL,NULL,NULL),(50,3,1,'2016-05-06',1,20,NULL,8,NULL,57,NULL,NULL,NULL),(51,3,1,'2016-05-06',2,21,NULL,9,NULL,55,NULL,NULL,NULL),(52,3,1,'2016-05-06',3,21,NULL,10,NULL,64,NULL,NULL,NULL),(53,3,1,'2016-05-06',4,22,NULL,11,NULL,61,NULL,NULL,NULL),(54,3,1,'2016-05-06',5,18,NULL,11,NULL,74,NULL,NULL,NULL),(55,3,2,'2016-05-06',1,25,NULL,13,NULL,47,NULL,NULL,NULL),(56,3,2,'2016-05-06',2,25,NULL,15,NULL,53,NULL,NULL,NULL),(57,3,2,'2016-05-06',3,22,NULL,14,NULL,63,NULL,NULL,NULL),(58,3,2,'2016-05-06',4,22,NULL,13,NULL,69,NULL,NULL,NULL),(59,3,2,'2016-05-06',5,23,NULL,13,NULL,67,NULL,NULL,NULL),(60,3,3,'2016-05-06',1,24,NULL,11,NULL,44,NULL,NULL,NULL),(61,3,3,'2016-05-06',2,24,NULL,12,NULL,47,NULL,NULL,NULL),(62,3,3,'2016-05-06',3,24,NULL,11,NULL,49,NULL,NULL,NULL),(63,3,3,'2016-05-06',4,25,NULL,13,NULL,51,NULL,NULL,NULL),(64,3,3,'2016-05-06',5,24,NULL,13,NULL,55,NULL,NULL,NULL),(65,3,4,'2016-05-06',1,24,NULL,12,NULL,59,NULL,NULL,NULL),(66,3,4,'2016-05-06',2,25,NULL,13,NULL,56,NULL,NULL,NULL),(67,3,4,'2016-05-06',3,22,NULL,13,NULL,61,NULL,NULL,NULL),(68,3,4,'2016-05-06',4,22,NULL,12,NULL,69,NULL,NULL,NULL),(69,3,4,'2016-05-06',5,21,NULL,11,NULL,69,NULL,NULL,NULL),(70,2,1,'2016-05-06',1,19,NULL,9,NULL,NULL,NULL,NULL,NULL),(71,2,1,'2016-05-06',2,19,NULL,9,NULL,NULL,NULL,NULL,NULL),(72,2,1,'2016-05-06',3,20,NULL,10,NULL,NULL,NULL,NULL,NULL),(73,2,1,'2016-05-06',4,20,NULL,10,NULL,NULL,NULL,NULL,NULL),(74,2,1,'2016-05-06',5,18,NULL,11,NULL,NULL,NULL,NULL,NULL),(75,2,2,'2016-05-06',1,23,NULL,14,NULL,NULL,NULL,NULL,NULL),(76,2,2,'2016-05-06',2,24,NULL,12,NULL,NULL,NULL,NULL,NULL),(77,2,2,'2016-05-06',3,21,NULL,15,NULL,NULL,NULL,NULL,NULL),(78,2,2,'2016-05-06',4,20,NULL,14,NULL,NULL,NULL,NULL,NULL),(79,2,2,'2016-05-06',5,21,NULL,12,NULL,NULL,NULL,NULL,NULL),(80,2,3,'2016-05-06',1,22,NULL,11,NULL,NULL,NULL,NULL,NULL),(81,2,3,'2016-05-06',2,22,NULL,11,NULL,NULL,NULL,NULL,NULL),(82,2,3,'2016-05-06',3,22,NULL,12,NULL,NULL,NULL,NULL,NULL),(83,2,3,'2016-05-06',4,23,NULL,12,NULL,NULL,NULL,NULL,NULL),(84,2,3,'2016-05-06',5,23,NULL,12,NULL,NULL,NULL,NULL,NULL),(85,2,4,'2016-05-06',1,22,NULL,12,NULL,NULL,NULL,NULL,NULL),(86,2,4,'2016-05-06',2,24,NULL,12,NULL,NULL,NULL,NULL,NULL),(87,2,4,'2016-05-06',3,22,NULL,13,NULL,NULL,NULL,NULL,NULL),(88,2,4,'2016-05-06',4,18,NULL,13,NULL,NULL,NULL,NULL,NULL),(89,2,4,'2016-05-06',5,20,NULL,11,NULL,NULL,NULL,NULL,NULL),(90,3,1,'2016-05-07',1,21,NULL,9,NULL,53,NULL,NULL,NULL),(91,3,1,'2016-05-07',2,22,NULL,10,NULL,53,NULL,NULL,NULL),(92,3,1,'2016-05-07',3,22,NULL,11,NULL,57,NULL,NULL,NULL),(93,3,1,'2016-05-07',4,22,NULL,11,NULL,64,NULL,NULL,NULL),(94,3,1,'2016-05-07',5,18,NULL,11,NULL,74,NULL,NULL,NULL),(95,2,1,'2016-05-07',1,19,NULL,9,NULL,NULL,NULL,NULL,NULL),(96,2,1,'2016-05-07',2,20,NULL,10,NULL,NULL,NULL,NULL,NULL),(97,2,1,'2016-05-07',3,20,NULL,10,NULL,NULL,NULL,NULL,NULL),(98,2,1,'2016-05-07',4,18,NULL,11,NULL,NULL,NULL,NULL,NULL),(99,2,1,'2016-05-07',5,18,NULL,11,NULL,NULL,NULL,NULL,NULL),(100,2,2,'2016-05-07',1,23,NULL,14,NULL,NULL,NULL,NULL,NULL),(101,2,2,'2016-05-07',2,24,NULL,12,NULL,NULL,NULL,NULL,NULL),(102,2,2,'2016-05-07',3,21,NULL,15,NULL,NULL,NULL,NULL,NULL),(103,2,2,'2016-05-07',4,20,NULL,14,NULL,NULL,NULL,NULL,NULL),(104,2,2,'2016-05-07',5,21,NULL,12,NULL,NULL,NULL,NULL,NULL),(105,2,3,'2016-05-07',1,22,NULL,11,NULL,NULL,NULL,NULL,NULL),(106,2,3,'2016-05-07',2,22,NULL,11,NULL,NULL,NULL,NULL,NULL),(107,2,3,'2016-05-07',3,22,NULL,12,NULL,NULL,NULL,NULL,NULL),(108,2,3,'2016-05-07',4,23,NULL,12,NULL,NULL,NULL,NULL,NULL),(109,2,3,'2016-05-07',5,23,NULL,12,NULL,NULL,NULL,NULL,NULL),(110,2,4,'2016-05-07',1,22,NULL,12,NULL,NULL,NULL,NULL,NULL),(111,2,4,'2016-05-07',2,24,NULL,12,NULL,NULL,NULL,NULL,NULL),(112,2,4,'2016-05-07',3,22,NULL,13,NULL,NULL,NULL,NULL,NULL),(113,2,4,'2016-05-07',4,18,NULL,13,NULL,NULL,NULL,NULL,NULL),(114,2,4,'2016-05-07',5,20,NULL,11,NULL,NULL,NULL,NULL,NULL),(115,3,2,'2016-05-07',1,26,NULL,16,NULL,49,NULL,NULL,NULL),(116,3,2,'2016-05-07',2,22,NULL,15,NULL,60,NULL,NULL,NULL),(117,3,2,'2016-05-07',3,21,NULL,13,NULL,78,NULL,NULL,NULL),(118,3,2,'2016-05-07',4,23,NULL,13,NULL,70,NULL,NULL,NULL),(119,3,2,'2016-05-07',5,23,NULL,13,NULL,69,NULL,NULL,NULL),(120,3,3,'2016-05-07',1,24,NULL,12,NULL,45,NULL,NULL,NULL),(121,3,3,'2016-05-07',2,24,NULL,12,NULL,50,NULL,NULL,NULL),(122,3,3,'2016-05-07',3,24,NULL,12,NULL,50,NULL,NULL,NULL),(123,3,3,'2016-05-07',4,24,NULL,13,NULL,51,NULL,NULL,NULL),(124,3,3,'2016-05-07',5,24,NULL,12,NULL,55,NULL,NULL,NULL),(125,3,4,'2016-05-07',1,26,NULL,13,NULL,51,NULL,NULL,NULL),(126,3,4,'2016-05-07',2,24,NULL,13,NULL,61,NULL,NULL,NULL),(127,3,4,'2016-05-07',3,21,NULL,12,NULL,69,NULL,NULL,NULL),(128,3,4,'2016-05-07',4,21,NULL,11,NULL,72,NULL,NULL,NULL),(129,3,4,'2016-05-07',5,22,NULL,8,NULL,67,NULL,NULL,NULL),(130,4,1,'2016-05-07',1,20,NULL,9,NULL,NULL,NULL,NULL,NULL),(131,4,1,'2016-05-07',2,21,NULL,10,NULL,NULL,NULL,NULL,NULL),(132,4,1,'2016-05-07',3,21,NULL,10.5,NULL,NULL,NULL,NULL,NULL),(133,4,1,'2016-05-07',4,20,NULL,11,NULL,NULL,NULL,NULL,NULL),(134,4,1,'2016-05-07',5,18,NULL,11,NULL,NULL,NULL,NULL,NULL),(135,4,2,'2016-05-07',1,24.5,NULL,15,NULL,NULL,NULL,NULL,NULL),(136,4,2,'2016-05-07',2,23,NULL,13.5,NULL,NULL,NULL,NULL,NULL),(137,4,2,'2016-05-07',3,21,NULL,14,NULL,NULL,NULL,NULL,NULL),(138,4,2,'2016-05-07',4,21.5,NULL,13.5,NULL,NULL,NULL,NULL,NULL),(139,4,2,'2016-05-07',5,22,NULL,12.5,NULL,NULL,NULL,NULL,NULL),(140,4,3,'2016-05-07',1,23,NULL,11.5,NULL,NULL,NULL,NULL,NULL),(141,4,3,'2016-05-07',2,23,NULL,11.5,NULL,NULL,NULL,NULL,NULL),(142,4,3,'2016-05-07',3,23,NULL,12,NULL,NULL,NULL,NULL,NULL),(143,4,3,'2016-05-07',4,23.5,NULL,12.5,NULL,NULL,NULL,NULL,NULL),(144,4,3,'2016-05-07',5,23.5,NULL,12,NULL,NULL,NULL,NULL,NULL),(145,4,4,'2016-05-07',1,24,NULL,12.5,NULL,NULL,NULL,NULL,NULL),(146,4,4,'2016-05-07',2,24,NULL,12.5,NULL,NULL,NULL,NULL,NULL),(147,4,4,'2016-05-07',3,21.5,NULL,12.5,NULL,NULL,NULL,NULL,NULL),(148,4,4,'2016-05-07',4,19.5,NULL,12,NULL,NULL,NULL,NULL,NULL),(149,4,4,'2016-05-07',5,21,NULL,9.5,NULL,NULL,NULL,NULL,NULL),(155,3,1,'2016-05-08',1,21,NULL,9,NULL,52,NULL,NULL,NULL),(156,3,1,'2016-05-08',2,21,NULL,10,NULL,52,NULL,NULL,NULL),(157,3,1,'2016-05-08',3,22,NULL,10,NULL,58,NULL,NULL,NULL),(158,3,1,'2016-05-08',4,21,NULL,9,NULL,63,NULL,NULL,NULL),(159,3,1,'2016-05-08',5,22,NULL,12,NULL,61,NULL,NULL,NULL),(160,2,1,'2016-05-08',1,20,NULL,9,NULL,NULL,NULL,NULL,NULL),(161,2,1,'2016-05-08',2,21,NULL,10,NULL,NULL,NULL,NULL,NULL),(162,2,1,'2016-05-08',3,20,NULL,11,NULL,NULL,NULL,NULL,NULL),(163,2,1,'2016-05-08',4,17,NULL,11,NULL,NULL,NULL,NULL,NULL),(164,2,1,'2016-05-08',5,16,NULL,10,NULL,NULL,NULL,NULL,NULL),(165,2,2,'2016-05-08',1,25,NULL,15,NULL,NULL,NULL,NULL,NULL),(166,2,2,'2016-05-08',2,21,NULL,15,NULL,NULL,NULL,NULL,NULL),(167,2,2,'2016-05-08',3,20,NULL,15,NULL,NULL,NULL,NULL,NULL),(168,2,2,'2016-05-08',4,21,NULL,12,NULL,NULL,NULL,NULL,NULL),(169,2,2,'2016-05-08',5,20,NULL,12,NULL,NULL,NULL,NULL,NULL),(170,2,3,'2016-05-08',1,22,NULL,11,NULL,NULL,NULL,NULL,NULL),(171,2,3,'2016-05-08',2,22,NULL,12,NULL,NULL,NULL,NULL,NULL),(172,2,3,'2016-05-08',3,23,NULL,12,NULL,NULL,NULL,NULL,NULL),(173,2,3,'2016-05-08',4,23,NULL,13,NULL,NULL,NULL,NULL,NULL),(174,2,3,'2016-05-08',5,22,NULL,13,NULL,NULL,NULL,NULL,NULL),(175,2,4,'2016-05-08',1,25,NULL,13,NULL,NULL,NULL,NULL,NULL),(176,2,4,'2016-05-08',2,22,NULL,13,NULL,NULL,NULL,NULL,NULL),(177,2,4,'2016-05-08',3,19,NULL,13,NULL,NULL,NULL,NULL,NULL),(178,2,4,'2016-05-08',4,20,NULL,12,NULL,NULL,NULL,NULL,NULL),(179,2,4,'2016-05-08',5,19,NULL,10,NULL,NULL,NULL,NULL,NULL),(180,4,1,'2016-05-08',1,20.5,NULL,9,NULL,NULL,NULL,NULL,NULL),(181,4,1,'2016-05-08',2,21,NULL,10,NULL,NULL,NULL,NULL,NULL),(182,4,1,'2016-05-08',3,21,NULL,10.5,NULL,NULL,NULL,NULL,NULL),(183,4,1,'2016-05-08',4,19,NULL,10,NULL,NULL,NULL,NULL,NULL),(184,4,1,'2016-05-08',5,19,NULL,11,NULL,NULL,NULL,NULL,NULL),(185,4,2,'2016-05-08',1,25,NULL,15,NULL,NULL,NULL,NULL,NULL),(186,4,2,'2016-05-08',2,21,NULL,15,NULL,NULL,NULL,NULL,NULL),(187,4,2,'2016-05-08',3,20,NULL,15,NULL,NULL,NULL,NULL,NULL),(188,4,2,'2016-05-08',4,21,NULL,12,NULL,NULL,NULL,NULL,NULL),(189,4,2,'2016-05-08',5,20,NULL,12,NULL,NULL,NULL,NULL,NULL),(190,4,3,'2016-05-08',1,22,NULL,11,NULL,NULL,NULL,NULL,NULL),(191,4,3,'2016-05-08',2,22,NULL,12,NULL,NULL,NULL,NULL,NULL),(192,4,3,'2016-05-08',3,23,NULL,12,NULL,NULL,NULL,NULL,NULL),(193,4,3,'2016-05-08',4,23,NULL,13,NULL,NULL,NULL,NULL,NULL),(194,4,3,'2016-05-08',5,22,NULL,13,NULL,NULL,NULL,NULL,NULL),(195,4,4,'2016-05-08',1,25,NULL,13,NULL,NULL,NULL,NULL,NULL),(196,4,4,'2016-05-08',2,22,NULL,13,NULL,NULL,NULL,NULL,NULL),(197,4,4,'2016-05-08',3,19,NULL,13,NULL,NULL,NULL,NULL,NULL),(198,4,4,'2016-05-08',4,20,NULL,12,NULL,NULL,NULL,NULL,NULL),(199,4,4,'2016-05-08',5,19,NULL,10,NULL,NULL,NULL,NULL,NULL),(200,1,1,'2016-05-07',1,8.15,NULL,8.15,NULL,78,NULL,1020.31,NULL),(205,3,2,'2016-05-08',1,23,NULL,16,NULL,63,NULL,NULL,NULL),(206,3,2,'2016-05-08',2,23,NULL,13,NULL,70,NULL,NULL,NULL),(207,3,2,'2016-05-08',3,23,NULL,14,NULL,68,NULL,NULL,NULL),(208,3,2,'2016-05-08',4,23,NULL,12,NULL,69,NULL,NULL,NULL),(209,3,2,'2016-05-08',5,19,NULL,8,NULL,68,NULL,NULL,NULL),(210,1,2,'2016-05-07',1,20.54,NULL,15.75,NULL,0,NULL,1008.35,NULL),(215,3,3,'2016-05-08',1,24,NULL,12,NULL,49,NULL,NULL,NULL),(216,3,3,'2016-05-08',2,25,NULL,12,NULL,46,NULL,NULL,NULL),(217,3,3,'2016-05-08',3,26,NULL,13,NULL,46,NULL,NULL,NULL),(218,3,3,'2016-05-08',4,25,NULL,14,NULL,45,NULL,NULL,NULL),(219,3,3,'2016-05-08',5,24,NULL,10,NULL,57,NULL,NULL,NULL),(220,1,3,'2016-05-07',1,21.89,NULL,14.62,NULL,0,NULL,1026.18,NULL),(225,3,4,'2016-05-08',1,22,NULL,14,NULL,64,NULL,NULL,NULL),(226,3,4,'2016-05-08',2,19,NULL,12,NULL,78,NULL,NULL,NULL),(227,3,4,'2016-05-08',3,22,NULL,11,NULL,68,NULL,NULL,NULL),(228,3,4,'2016-05-08',4,22,NULL,9,NULL,67,NULL,NULL,NULL),(229,3,4,'2016-05-08',5,15,NULL,6,NULL,57,NULL,NULL,NULL),(230,1,4,'2016-05-07',1,20.89,NULL,13.37,NULL,0,NULL,1014.63,NULL),(258,1,1,'2016-05-08',1,17.02,NULL,11.46,NULL,55,NULL,1020.97,NULL),(259,1,1,'2016-05-08',2,22.6,NULL,15.07,NULL,68,NULL,1022.26,NULL),(260,1,1,'2016-05-08',3,21.87,NULL,13.97,NULL,60,NULL,1018.05,NULL),(261,1,1,'2016-05-08',4,18.59,NULL,13.6,NULL,82,NULL,1012.24,NULL),(262,1,1,'2016-05-08',5,15.38,NULL,10.32,NULL,62,NULL,1009.77,NULL),(263,1,2,'2016-05-08',1,19.46,NULL,15.44,NULL,36,NULL,1008.17,NULL),(264,1,2,'2016-05-08',2,15.95,NULL,13.33,NULL,66,NULL,1011.71,NULL),(265,1,2,'2016-05-08',3,14.93,NULL,15.81,NULL,96,NULL,1008.83,NULL),(266,1,2,'2016-05-08',4,21.66,NULL,15.5,NULL,77,NULL,1008.31,NULL),(267,1,2,'2016-05-08',5,22.81,NULL,17.78,NULL,70,NULL,1003.98,NULL),(268,1,3,'2016-05-08',1,21.92,NULL,15.08,NULL,32,NULL,1025.02,NULL),(269,1,3,'2016-05-08',2,23.68,NULL,14.16,NULL,41,NULL,1025.73,NULL),(270,1,3,'2016-05-08',3,22.66,NULL,14.12,NULL,46,NULL,1021.88,NULL),(271,1,3,'2016-05-08',4,23.26,NULL,15,NULL,40,NULL,1017.38,NULL),(272,1,3,'2016-05-08',5,20.81,NULL,10.93,NULL,47,NULL,1014.93,NULL),(273,1,4,'2016-05-08',1,24.07,NULL,18.73,NULL,36,NULL,1015.13,NULL),(274,1,4,'2016-05-08',2,23.03,NULL,16.78,NULL,48,NULL,1017.79,NULL),(275,1,4,'2016-05-08',3,20.16,NULL,15.57,NULL,60,NULL,1014.91,NULL),(276,1,4,'2016-05-08',4,17.26,NULL,12.2,NULL,100,NULL,1015.2,NULL),(277,1,4,'2016-05-08',5,19.31,NULL,12.13,NULL,84,NULL,1014.53,NULL),(279,3,1,'2016-05-09',1,22,NULL,11,NULL,50,NULL,NULL,NULL),(280,3,1,'2016-05-09',2,23,NULL,10,NULL,57,NULL,NULL,NULL),(281,3,1,'2016-05-09',3,22,NULL,10,NULL,61,NULL,NULL,NULL),(282,3,1,'2016-05-09',4,22,NULL,12,NULL,64,NULL,NULL,NULL),(283,3,1,'2016-05-09',5,19,NULL,9,NULL,76,NULL,NULL,NULL),(284,1,1,'2016-05-09',1,11.46,NULL,6.18,NULL,55,NULL,1020.97,NULL),(285,1,1,'2016-05-09',2,18.43,NULL,12.01,NULL,68,NULL,1022.26,NULL),(286,1,1,'2016-05-09',3,19.93,NULL,13.14,NULL,60,NULL,1018.05,NULL),(287,1,1,'2016-05-09',4,18.59,NULL,13.6,NULL,82,NULL,1012.24,NULL),(288,1,1,'2016-05-09',5,15.38,NULL,10.32,NULL,62,NULL,1009.77,NULL),(289,2,1,'2016-05-09',1,21,NULL,10,NULL,NULL,NULL,NULL,NULL),(290,2,1,'2016-05-09',2,20,NULL,11,NULL,NULL,NULL,NULL,NULL),(291,2,1,'2016-05-09',3,18,NULL,11,NULL,NULL,NULL,NULL,NULL),(292,2,1,'2016-05-09',4,19,NULL,10,NULL,NULL,NULL,NULL,NULL),(293,2,1,'2016-05-09',5,18,NULL,12,NULL,NULL,NULL,NULL,NULL),(294,1,2,'2016-05-09',1,19.46,NULL,15.44,NULL,36,NULL,1008.17,NULL),(295,1,2,'2016-05-09',2,15.95,NULL,13.33,NULL,66,NULL,1011.71,NULL),(296,1,2,'2016-05-09',3,14.93,NULL,15.81,NULL,96,NULL,1008.83,NULL),(297,1,2,'2016-05-09',4,21.66,NULL,15.5,NULL,77,NULL,1008.31,NULL),(298,1,2,'2016-05-09',5,22.81,NULL,17.78,NULL,70,NULL,1003.98,NULL),(299,2,2,'2016-05-09',1,21,NULL,16,NULL,NULL,NULL,NULL,NULL),(300,2,2,'2016-05-09',2,21,NULL,15,NULL,NULL,NULL,NULL,NULL),(301,2,2,'2016-05-09',3,21,NULL,12,NULL,NULL,NULL,NULL,NULL),(302,2,2,'2016-05-09',4,22,NULL,13,NULL,NULL,NULL,NULL,NULL),(303,2,2,'2016-05-09',5,18,NULL,12,NULL,NULL,NULL,NULL,NULL),(304,1,3,'2016-05-09',1,18.26,NULL,11.79,NULL,32,NULL,1025.02,NULL),(305,1,3,'2016-05-09',2,21.11,NULL,12.33,NULL,41,NULL,1025.73,NULL),(306,1,3,'2016-05-09',3,21.56,NULL,13.76,NULL,46,NULL,1021.88,NULL),(307,1,3,'2016-05-09',4,23.26,NULL,15,NULL,40,NULL,1017.38,NULL),(308,1,3,'2016-05-09',5,20.81,NULL,10.93,NULL,47,NULL,1014.93,NULL),(309,2,3,'2016-05-09',1,23,NULL,13,NULL,NULL,NULL,NULL,NULL),(310,2,3,'2016-05-09',2,23,NULL,12,NULL,NULL,NULL,NULL,NULL),(311,2,3,'2016-05-09',3,24,NULL,13,NULL,NULL,NULL,NULL,NULL),(312,2,3,'2016-05-09',4,24,NULL,14,NULL,NULL,NULL,NULL,NULL),(313,2,3,'2016-05-09',5,22,NULL,14,NULL,NULL,NULL,NULL,NULL),(314,1,4,'2016-05-09',1,20.76,NULL,15.76,NULL,36,NULL,1015.13,NULL),(315,1,4,'2016-05-09',2,20.71,NULL,15.13,NULL,48,NULL,1017.79,NULL),(316,1,4,'2016-05-09',3,19.17,NULL,15.24,NULL,60,NULL,1014.91,NULL),(317,1,4,'2016-05-09',4,17.26,NULL,12.2,NULL,100,NULL,1015.2,NULL),(318,1,4,'2016-05-09',5,19.31,NULL,12.13,NULL,84,NULL,1014.53,NULL),(319,2,4,'2016-05-09',1,22,NULL,14,NULL,NULL,NULL,NULL,NULL),(320,2,4,'2016-05-09',2,18,NULL,13,NULL,NULL,NULL,NULL,NULL),(321,2,4,'2016-05-09',3,21,NULL,11,NULL,NULL,NULL,NULL,NULL),(322,2,4,'2016-05-09',4,19,NULL,11,NULL,NULL,NULL,NULL,NULL),(323,2,4,'2016-05-09',5,15,NULL,8,NULL,NULL,NULL,NULL,NULL),(324,4,1,'2016-05-09',1,18.153333333333332,NULL,9.06,NULL,NULL,NULL,NULL,NULL),(325,4,1,'2016-05-09',2,20.476666666666667,NULL,11.003333333333332,NULL,NULL,NULL,NULL,NULL),(326,4,1,'2016-05-09',3,19.976666666666667,NULL,11.38,NULL,NULL,NULL,NULL,NULL),(327,4,1,'2016-05-09',4,19.863333333333333,NULL,11.866666666666667,NULL,NULL,NULL,NULL,NULL),(328,4,1,'2016-05-09',5,17.46,NULL,10.44,NULL,NULL,NULL,NULL,NULL),(329,4,2,'2016-05-09',1,20.23,NULL,15.719999999999999,NULL,NULL,NULL,NULL,NULL),(330,4,2,'2016-05-09',2,18.475,NULL,14.165,NULL,NULL,NULL,NULL,NULL),(331,4,2,'2016-05-09',3,17.965,NULL,13.905000000000001,NULL,NULL,NULL,NULL,NULL),(332,4,2,'2016-05-09',4,21.83,NULL,14.25,NULL,NULL,NULL,NULL,NULL),(333,4,2,'2016-05-09',5,20.405,NULL,14.89,NULL,NULL,NULL,NULL,NULL),(334,4,3,'2016-05-09',1,20.630000000000003,NULL,12.395,NULL,NULL,NULL,NULL,NULL),(335,4,3,'2016-05-09',2,22.055,NULL,12.165,NULL,NULL,NULL,NULL,NULL),(336,4,3,'2016-05-09',3,22.78,NULL,13.379999999999999,NULL,NULL,NULL,NULL,NULL),(337,4,3,'2016-05-09',4,23.630000000000003,NULL,14.5,NULL,NULL,NULL,NULL,NULL),(338,4,3,'2016-05-09',5,21.405,NULL,12.465,NULL,NULL,NULL,NULL,NULL),(339,4,4,'2016-05-09',1,21.380000000000003,NULL,14.879999999999999,NULL,NULL,NULL,NULL,NULL),(340,4,4,'2016-05-09',2,19.355,NULL,14.065000000000001,NULL,NULL,NULL,NULL,NULL),(341,4,4,'2016-05-09',3,20.085,NULL,13.120000000000001,NULL,NULL,NULL,NULL,NULL),(342,4,4,'2016-05-09',4,18.130000000000003,NULL,11.6,NULL,NULL,NULL,NULL,NULL),(343,4,4,'2016-05-09',5,17.155,NULL,10.065000000000001,NULL,NULL,NULL,NULL,NULL),(344,3,2,'2016-05-09',1,22,NULL,14,NULL,72,NULL,NULL,NULL),(345,3,2,'2016-05-09',2,21,NULL,13,NULL,73,NULL,NULL,NULL),(346,3,2,'2016-05-09',3,22,NULL,13,NULL,67,NULL,NULL,NULL),(347,3,2,'2016-05-09',4,21,NULL,8,NULL,69,NULL,NULL,NULL),(348,3,2,'2016-05-09',5,14,NULL,7,NULL,54,NULL,NULL,NULL),(349,3,3,'2016-05-09',1,26,NULL,12,NULL,44,NULL,NULL,NULL),(350,3,3,'2016-05-09',2,26,NULL,14,NULL,43,NULL,NULL,NULL),(351,3,3,'2016-05-09',3,25,NULL,14,NULL,44,NULL,NULL,NULL),(352,3,3,'2016-05-09',4,26,NULL,10,NULL,50,NULL,NULL,NULL),(353,3,3,'2016-05-09',5,18,NULL,7,NULL,49,NULL,NULL,NULL),(354,3,4,'2016-05-09',1,18,NULL,12,NULL,75,NULL,NULL,NULL),(355,3,4,'2016-05-09',2,23,NULL,12,NULL,68,NULL,NULL,NULL),(356,3,4,'2016-05-09',3,23,NULL,10,NULL,69,NULL,NULL,NULL),(357,3,4,'2016-05-09',4,18,NULL,6,NULL,64,NULL,NULL,NULL),(358,3,4,'2016-05-09',5,14,NULL,6,NULL,48,NULL,NULL,NULL),(381,3,1,'2016-05-10',1,21,NULL,10,NULL,61,NULL,NULL,NULL),(382,3,1,'2016-05-10',2,20,NULL,11,NULL,67,NULL,NULL,NULL),(383,3,1,'2016-05-10',3,18,NULL,11,NULL,72,NULL,NULL,NULL),(384,3,1,'2016-05-10',4,16,NULL,9,NULL,75,NULL,NULL,NULL),(385,3,1,'2016-05-10',5,14,NULL,6,NULL,67,NULL,NULL,NULL),(386,1,1,'2016-05-10',1,16.48,NULL,12.87,NULL,66,NULL,1019.89,NULL),(387,1,1,'2016-05-10',2,22.59,NULL,12.88,NULL,67,NULL,1018.62,NULL),(388,1,1,'2016-05-10',3,18.17,NULL,13.27,NULL,94,NULL,1013.25,NULL),(389,1,1,'2016-05-10',4,17.25,NULL,12.34,NULL,58,NULL,1008.56,NULL),(390,1,1,'2016-05-10',5,17.6,NULL,13.32,NULL,0,NULL,996.19,NULL),(391,2,1,'2016-05-10',1,21,NULL,11,NULL,NULL,NULL,NULL,NULL),(392,2,1,'2016-05-10',2,19,NULL,10,NULL,NULL,NULL,NULL,NULL),(393,2,1,'2016-05-10',3,20,NULL,10,NULL,NULL,NULL,NULL,NULL),(394,2,1,'2016-05-10',4,17,NULL,12,NULL,NULL,NULL,NULL,NULL),(395,2,1,'2016-05-10',5,14,NULL,9,NULL,NULL,NULL,NULL,NULL),(396,1,2,'2016-05-10',1,18.5,NULL,12.82,NULL,51,NULL,1010.56,NULL),(397,1,2,'2016-05-10',2,14.34,NULL,13.36,NULL,100,NULL,1009.17,NULL),(398,1,2,'2016-05-10',3,19.05,NULL,13.66,NULL,87,NULL,1007.81,NULL),(399,1,2,'2016-05-10',4,20.84,NULL,16.43,NULL,95,NULL,1002.89,NULL),(400,1,2,'2016-05-10',5,20.66,NULL,10.57,NULL,63,NULL,1005.9,NULL),(401,2,2,'2016-05-10',1,20,NULL,15,NULL,NULL,NULL,NULL,NULL),(402,2,2,'2016-05-10',2,20,NULL,12,NULL,NULL,NULL,NULL,NULL),(403,2,2,'2016-05-10',3,21,NULL,13,NULL,NULL,NULL,NULL,NULL),(404,2,2,'2016-05-10',4,19,NULL,13,NULL,NULL,NULL,NULL,NULL),(405,2,2,'2016-05-10',5,13,NULL,7,NULL,NULL,NULL,NULL,NULL),(406,1,3,'2016-05-10',1,19.5,NULL,13.54,NULL,33,NULL,1024.35,NULL),(407,1,3,'2016-05-10',2,21.03,NULL,13.58,NULL,43,NULL,1021.81,NULL),(408,1,3,'2016-05-10',3,22.47,NULL,15.87,NULL,43,NULL,1017.37,NULL),(409,1,3,'2016-05-10',4,22.64,NULL,14.23,NULL,52,NULL,1011.32,NULL),(410,1,3,'2016-05-10',5,20.96,NULL,10.72,NULL,51,NULL,1004.03,NULL),(411,2,3,'2016-05-10',1,23,NULL,12,NULL,NULL,NULL,NULL,NULL),(412,2,3,'2016-05-10',2,24,NULL,12,NULL,NULL,NULL,NULL,NULL),(413,2,3,'2016-05-10',3,24,NULL,15,NULL,NULL,NULL,NULL,NULL),(414,2,3,'2016-05-10',4,22,NULL,14,NULL,NULL,NULL,NULL,NULL),(415,2,3,'2016-05-10',5,17,NULL,9,NULL,NULL,NULL,NULL,NULL),(416,1,4,'2016-05-10',1,20.8,NULL,18.41,NULL,41,NULL,1016.64,NULL),(417,1,4,'2016-05-10',2,16.45,NULL,14.08,NULL,87,NULL,1015.25,NULL),(418,1,4,'2016-05-10',3,15.75,NULL,11.58,NULL,100,NULL,1012.35,NULL),(419,1,4,'2016-05-10',4,18.84,NULL,10.63,NULL,93,NULL,1012.7,NULL),(420,1,4,'2016-05-10',5,12.36,NULL,5.57,NULL,81,NULL,1017.65,NULL),(421,2,4,'2016-05-10',1,17,NULL,14,NULL,NULL,NULL,NULL,NULL),(422,2,4,'2016-05-10',2,20,NULL,12,NULL,NULL,NULL,NULL,NULL),(423,2,4,'2016-05-10',3,22,NULL,12,NULL,NULL,NULL,NULL,NULL),(424,2,4,'2016-05-10',4,17,NULL,8,NULL,NULL,NULL,NULL,NULL),(425,2,4,'2016-05-10',5,13,NULL,6,NULL,NULL,NULL,NULL,NULL),(426,4,1,'2016-05-10',1,19.493333333333336,NULL,11.29,NULL,NULL,NULL,NULL,NULL),(427,4,1,'2016-05-10',2,20.53,NULL,11.293333333333335,NULL,NULL,NULL,NULL,NULL),(428,4,1,'2016-05-10',3,18.723333333333333,NULL,11.423333333333332,NULL,NULL,NULL,NULL,NULL),(429,4,1,'2016-05-10',4,16.75,NULL,11.113333333333335,NULL,NULL,NULL,NULL,NULL),(430,4,1,'2016-05-10',5,15.200000000000001,NULL,9.44,NULL,NULL,NULL,NULL,NULL),(431,4,2,'2016-05-10',1,19.25,NULL,13.91,NULL,NULL,NULL,NULL,NULL),(432,4,2,'2016-05-10',2,17.17,NULL,12.68,NULL,NULL,NULL,NULL,NULL),(433,4,2,'2016-05-10',3,20.025,NULL,13.33,NULL,NULL,NULL,NULL,NULL),(434,4,2,'2016-05-10',4,19.92,NULL,14.715,NULL,NULL,NULL,NULL,NULL),(435,4,2,'2016-05-10',5,16.83,NULL,8.785,NULL,NULL,NULL,NULL,NULL),(436,4,3,'2016-05-10',1,21.25,NULL,12.77,NULL,NULL,NULL,NULL,NULL),(437,4,3,'2016-05-10',2,22.515,NULL,12.79,NULL,NULL,NULL,NULL,NULL),(438,4,3,'2016-05-10',3,23.235,NULL,15.434999999999999,NULL,NULL,NULL,NULL,NULL),(439,4,3,'2016-05-10',4,22.32,NULL,14.115,NULL,NULL,NULL,NULL,NULL),(440,4,3,'2016-05-10',5,18.98,NULL,9.86,NULL,NULL,NULL,NULL,NULL),(441,4,4,'2016-05-10',1,18.9,NULL,16.205,NULL,NULL,NULL,NULL,NULL),(442,4,4,'2016-05-10',2,18.225,NULL,13.04,NULL,NULL,NULL,NULL,NULL),(443,4,4,'2016-05-10',3,18.875,NULL,11.79,NULL,NULL,NULL,NULL,NULL),(444,4,4,'2016-05-10',4,17.92,NULL,9.315000000000001,NULL,NULL,NULL,NULL,NULL),(445,4,4,'2016-05-10',5,12.68,NULL,5.785,NULL,NULL,NULL,NULL,NULL),(446,3,2,'2016-05-10',1,21,NULL,13,NULL,68,NULL,NULL,NULL),(447,3,2,'2016-05-10',2,20,NULL,13,NULL,75,NULL,NULL,NULL),(448,3,2,'2016-05-10',3,21,NULL,8,NULL,68,NULL,NULL,NULL),(449,3,2,'2016-05-10',4,14,NULL,7,NULL,56,NULL,NULL,NULL),(450,3,2,'2016-05-10',5,16,NULL,7,NULL,53,NULL,NULL,NULL),(451,3,3,'2016-05-10',1,26,NULL,14,NULL,42,NULL,NULL,NULL),(452,3,3,'2016-05-10',2,25,NULL,13,NULL,45,NULL,NULL,NULL),(453,3,3,'2016-05-10',3,24,NULL,9,NULL,55,NULL,NULL,NULL),(454,3,3,'2016-05-10',4,17,NULL,7,NULL,42,NULL,NULL,NULL),(455,3,3,'2016-05-10',5,15,NULL,7,NULL,53,NULL,NULL,NULL),(457,3,4,'2016-05-10',1,23,NULL,12,NULL,67,NULL,NULL,NULL),(458,3,4,'2016-05-10',2,23,NULL,11,NULL,62,NULL,NULL,NULL),(459,3,4,'2016-05-10',3,19,NULL,6,NULL,60,NULL,NULL,NULL),(460,3,4,'2016-05-10',4,16,NULL,6,NULL,46,NULL,NULL,NULL),(461,3,4,'2016-05-10',5,18,NULL,7,NULL,49,NULL,NULL,NULL);
/*!40000 ALTER TABLE `forecasts` ENABLE KEYS */;
UNLOCK TABLES;

--
-- Table structure for table `providers`
--

DROP TABLE IF EXISTS `providers`;
/*!40101 SET @saved_cs_client     = @@character_set_client */;
/*!40101 SET character_set_client = utf8 */;
CREATE TABLE `providers` (
  `id` int(11) NOT NULL AUTO_INCREMENT,
  `name` varchar(50) COLLATE utf8_unicode_ci NOT NULL,
  `url` varchar(200) COLLATE utf8_unicode_ci NOT NULL,
  PRIMARY KEY (`id`)
) ENGINE=InnoDB AUTO_INCREMENT=5 DEFAULT CHARSET=utf8 COLLATE=utf8_unicode_ci;
/*!40101 SET character_set_client = @saved_cs_client */;

--
-- Dumping data for table `providers`
--

LOCK TABLES `providers` WRITE;
/*!40000 ALTER TABLE `providers` DISABLE KEYS */;
INSERT INTO `providers` VALUES (1,'OpenWeatherMap','http://openweathermap.org'),(2,'Yahoo','http://www.yahoo.com/'),(3,'Weather Underground','http://www.wunderground.com/'),(4,'Advanced Weather','http://localhost/');
/*!40000 ALTER TABLE `providers` ENABLE KEYS */;
UNLOCK TABLES;

--
-- Table structure for table `request`
--

DROP TABLE IF EXISTS `request`;
/*!40101 SET @saved_cs_client     = @@character_set_client */;
/*!40101 SET character_set_client = utf8 */;
CREATE TABLE `request` (
  `id` int(11) NOT NULL AUTO_INCREMENT,
  `user_id` int(11) NOT NULL,
  `city` varchar(50) COLLATE utf8_unicode_ci NOT NULL,
  PRIMARY KEY (`id`)
) ENGINE=InnoDB AUTO_INCREMENT=3 DEFAULT CHARSET=utf8 COLLATE=utf8_unicode_ci;
/*!40101 SET character_set_client = @saved_cs_client */;

--
-- Dumping data for table `request`
--

LOCK TABLES `request` WRITE;
/*!40000 ALTER TABLE `request` DISABLE KEYS */;
INSERT INTO `request` VALUES (1,1,'New York'),(2,2,'Beijing');
/*!40000 ALTER TABLE `request` ENABLE KEYS */;
UNLOCK TABLES;

--
-- Table structure for table `temperatures`
--

DROP TABLE IF EXISTS `temperatures`;
/*!40101 SET @saved_cs_client     = @@character_set_client */;
/*!40101 SET character_set_client = utf8 */;
CREATE TABLE `temperatures` (
  `id` int(11) NOT NULL AUTO_INCREMENT,
  `city_id` int(11) DEFAULT NULL,
  `provider_id` int(11) DEFAULT NULL,
  `date` datetime NOT NULL,
  `temperature` double NOT NULL,
  `humidity` double DEFAULT NULL,
  `pressure` double DEFAULT NULL,
  PRIMARY KEY (`id`),
  KEY `IDX_5FB4AC528BAC62AF` (`city_id`),
  KEY `IDX_5FB4AC52A53A8AA` (`provider_id`),
  CONSTRAINT `FK_5FB4AC528BAC62AF` FOREIGN KEY (`city_id`) REFERENCES `cities` (`id`),
  CONSTRAINT `FK_5FB4AC52A53A8AA` FOREIGN KEY (`provider_id`) REFERENCES `providers` (`id`)
) ENGINE=InnoDB AUTO_INCREMENT=1074 DEFAULT CHARSET=utf8 COLLATE=utf8_unicode_ci;
/*!40101 SET character_set_client = @saved_cs_client */;

--
-- Dumping data for table `temperatures`
--

LOCK TABLES `temperatures` WRITE;
/*!40000 ALTER TABLE `temperatures` DISABLE KEYS */;
INSERT INTO `temperatures` VALUES (1,1,3,'2016-05-05 13:01:02',18,37,1021),(2,1,2,'2016-05-05 13:01:03',19,NULL,NULL),(3,2,3,'2016-05-05 13:01:04',19,35,1016),(4,2,2,'2016-05-05 13:01:04',21,NULL,NULL),(5,3,3,'2016-05-05 13:01:05',19,35,1024),(6,3,2,'2016-05-05 13:01:06',20,NULL,NULL),(7,4,3,'2016-05-05 13:01:06',19,28,1017),(8,4,2,'2016-05-05 13:01:07',20,NULL,NULL),(41,1,3,'2016-05-05 18:01:02',12,62,1022),(42,1,2,'2016-05-05 18:01:03',14,NULL,NULL),(43,2,3,'2016-05-05 18:01:04',15,51,1014),(44,2,2,'2016-05-05 18:01:05',18,NULL,NULL),(45,3,3,'2016-05-05 18:01:05',14,55,1024),(46,3,2,'2016-05-05 18:01:06',16,NULL,NULL),(47,4,3,'2016-05-05 18:01:06',12,54,1016),(48,4,2,'2016-05-05 18:01:07',14,NULL,NULL),(49,1,3,'2016-05-05 20:01:02',10,66,1022),(50,1,2,'2016-05-05 20:01:02',11,NULL,NULL),(51,2,3,'2016-05-05 20:01:03',12,62,1014),(52,2,2,'2016-05-05 20:01:04',15,NULL,NULL),(53,3,3,'2016-05-05 20:01:04',12,62,1023),(54,3,2,'2016-05-05 20:01:06',13,NULL,NULL),(55,4,3,'2016-05-05 20:01:07',11,62,1016),(56,4,2,'2016-05-05 20:01:08',12,NULL,NULL),(57,1,3,'2016-05-05 21:01:02',9,71,1022),(58,1,2,'2016-05-05 21:01:02',11,NULL,NULL),(59,2,3,'2016-05-05 21:01:03',11,71,1013),(60,2,2,'2016-05-05 21:01:04',15,NULL,NULL),(61,3,3,'2016-05-05 21:01:04',11,62,1023),(62,3,2,'2016-05-05 21:01:10',13,NULL,NULL),(63,4,3,'2016-05-05 21:01:11',10,66,1015),(64,1,3,'2016-05-05 22:01:02',8,76,1022),(65,1,2,'2016-05-05 22:01:03',10,NULL,NULL),(66,2,3,'2016-05-05 22:01:03',11,71,1012),(67,2,2,'2016-05-05 22:01:04',13,NULL,NULL),(68,3,3,'2016-05-05 22:01:04',10,71,1023),(69,3,2,'2016-05-05 22:01:06',12,NULL,NULL),(70,4,3,'2016-05-05 22:01:06',10,71,1014),(71,4,2,'2016-05-05 22:01:07',11,NULL,NULL),(72,1,3,'2016-05-05 23:01:01',9,76,1021),(73,1,2,'2016-05-05 23:01:02',8,NULL,NULL),(74,2,3,'2016-05-05 23:01:03',9,76,1012),(75,2,2,'2016-05-05 23:01:03',12,NULL,NULL),(76,3,3,'2016-05-05 23:01:04',9,71,1022),(77,3,2,'2016-05-05 23:01:05',10,NULL,NULL),(78,4,3,'2016-05-05 23:01:05',9,71,1014),(79,4,2,'2016-05-05 23:01:06',10,NULL,NULL),(80,1,3,'2016-05-06 00:01:02',10,71,1021),(81,1,2,'2016-05-06 00:01:03',8,NULL,NULL),(82,2,3,'2016-05-06 00:01:03',8,81,1012),(83,2,2,'2016-05-06 00:01:04',12,NULL,NULL),(84,3,3,'2016-05-06 00:01:04',9,71,1022),(85,3,2,'2016-05-06 00:01:05',10,NULL,NULL),(86,4,3,'2016-05-06 00:01:06',9,76,1013),(87,4,2,'2016-05-06 00:01:06',10,NULL,NULL),(88,1,3,'2016-05-06 01:01:02',12,62,1022),(89,1,2,'2016-05-06 01:01:02',10,NULL,NULL),(90,2,3,'2016-05-06 01:01:03',9,82,1012),(91,2,2,'2016-05-06 01:01:03',11,NULL,NULL),(92,3,3,'2016-05-06 01:01:04',11,67,1022),(93,3,2,'2016-05-06 01:01:05',9,NULL,NULL),(94,4,3,'2016-05-06 01:01:05',8,76,1013),(95,4,2,'2016-05-06 01:01:06',8,NULL,NULL),(96,1,3,'2016-05-06 02:01:02',12,62,1022),(97,1,2,'2016-05-06 02:01:03',12,NULL,NULL),(98,2,3,'2016-05-06 02:01:03',10,76,1012),(99,2,2,'2016-05-06 02:01:04',11,NULL,NULL),(100,3,3,'2016-05-06 02:01:04',14,59,1022),(101,3,2,'2016-05-06 02:01:05',11,NULL,NULL),(102,4,3,'2016-05-06 02:01:06',9,76,1013),(103,4,2,'2016-05-06 02:01:06',7,NULL,NULL),(104,1,3,'2016-05-06 03:01:01',14,59,1022),(105,1,2,'2016-05-06 03:01:02',12,NULL,NULL),(106,2,3,'2016-05-06 03:01:03',11,76,1012),(107,2,2,'2016-05-06 03:01:03',12,NULL,NULL),(108,3,3,'2016-05-06 03:01:04',17,48,1022),(109,3,2,'2016-05-06 03:01:05',13,NULL,NULL),(110,4,3,'2016-05-06 03:01:06',11,71,1012),(111,4,2,'2016-05-06 03:01:07',8,NULL,NULL),(112,1,3,'2016-05-06 11:01:02',17,42,1021),(113,1,2,'2016-05-06 11:01:03',12,NULL,NULL),(114,2,3,'2016-05-06 11:01:03',14,63,1012),(115,2,2,'2016-05-06 11:01:04',12,NULL,NULL),(116,3,3,'2016-05-06 11:01:05',19,37,1022),(117,3,2,'2016-05-06 11:01:05',16,NULL,NULL),(118,4,3,'2016-05-06 11:01:06',14,67,1012),(119,4,2,'2016-05-06 11:01:07',11,NULL,NULL),(120,1,3,'2016-05-06 12:01:02',19,32,1021),(121,1,2,'2016-05-06 12:01:02',13,NULL,NULL),(122,2,3,'2016-05-06 12:01:03',17,55,1012),(123,2,2,'2016-05-06 12:01:04',15,NULL,NULL),(124,3,3,'2016-05-06 12:01:04',20,35,1022),(125,3,2,'2016-05-06 12:01:05',16,NULL,NULL),(126,4,3,'2016-05-06 12:01:05',17,55,1011),(127,4,2,'2016-05-06 12:01:06',13,NULL,NULL),(128,1,3,'2016-05-06 13:01:03',20,33,1021),(129,1,2,'2016-05-06 13:01:04',16,NULL,NULL),(130,2,3,'2016-05-06 13:01:04',19,49,1012),(131,2,2,'2016-05-06 13:01:05',18,NULL,NULL),(132,3,3,'2016-05-06 13:01:05',21,33,1021),(133,3,2,'2016-05-06 13:01:06',18,NULL,NULL),(134,4,3,'2016-05-06 13:01:07',19,52,1011),(135,4,2,'2016-05-06 13:01:07',13,NULL,NULL),(136,1,3,'2016-05-06 14:01:02',20,30,1021),(137,1,2,'2016-05-06 14:01:03',18,NULL,NULL),(138,2,3,'2016-05-06 14:01:04',21,40,1011),(139,2,2,'2016-05-06 14:01:04',18,NULL,NULL),(140,3,3,'2016-05-06 14:01:05',22,33,1020),(141,3,2,'2016-05-06 14:01:05',19,NULL,NULL),(142,4,3,'2016-05-06 14:01:06',20,46,1010),(143,4,2,'2016-05-06 14:01:07',15,NULL,NULL),(144,1,3,'2016-05-06 15:01:02',20,40,1020),(145,1,2,'2016-05-06 15:01:03',20,NULL,NULL),(146,2,3,'2016-05-06 15:01:04',22,35,1011),(147,2,2,'2016-05-06 15:01:04',21,NULL,NULL),(148,3,3,'2016-05-06 15:01:05',22,31,1020),(149,3,2,'2016-05-06 15:01:06',22,NULL,NULL),(150,4,3,'2016-05-06 15:01:06',21,38,1010),(151,4,2,'2016-05-06 15:01:07',20,NULL,NULL),(152,1,3,'2016-05-06 16:01:02',20,40,1020),(153,1,2,'2016-05-06 16:01:03',20,NULL,NULL),(154,2,3,'2016-05-06 16:01:03',23,36,1010),(155,2,2,'2016-05-06 16:01:04',23,NULL,NULL),(156,3,3,'2016-05-06 16:01:05',23,27,1019),(157,3,2,'2016-05-06 16:01:05',22,NULL,NULL),(158,4,3,'2016-05-06 16:01:06',21,35,1009),(159,4,2,'2016-05-06 16:01:07',20,NULL,NULL),(160,1,3,'2016-05-06 17:01:02',21,40,1020),(161,1,2,'2016-05-06 17:01:03',20,NULL,NULL),(162,2,3,'2016-05-06 17:01:03',24,29,1010),(163,2,2,'2016-05-06 17:01:04',23,NULL,NULL),(164,3,3,'2016-05-06 17:01:04',24,24,1018),(165,3,2,'2016-05-06 17:01:05',23,NULL,NULL),(166,4,3,'2016-05-06 17:01:05',23,31,1009),(167,4,2,'2016-05-06 17:01:06',21,NULL,NULL),(168,1,3,'2016-05-06 18:01:01',20,40,1020),(169,1,2,'2016-05-06 18:01:02',20,NULL,NULL),(170,2,3,'2016-05-06 18:01:03',24,29,1009),(171,2,2,'2016-05-06 18:01:03',23,NULL,NULL),(172,3,3,'2016-05-06 18:01:04',23,25,1018),(173,3,2,'2016-05-06 18:01:04',23,NULL,NULL),(174,4,3,'2016-05-06 18:01:05',22,33,1008),(175,4,2,'2016-05-06 18:01:06',23,NULL,NULL),(176,1,3,'2016-05-06 19:01:02',19,40,1020),(177,1,2,'2016-05-06 19:01:03',21,NULL,NULL),(178,2,3,'2016-05-06 19:01:03',25,29,1009),(179,2,2,'2016-05-06 19:01:04',24,NULL,NULL),(180,3,3,'2016-05-06 19:01:04',23,22,1017),(181,3,2,'2016-05-06 19:01:05',23,NULL,NULL),(182,4,3,'2016-05-06 19:01:06',23,31,1008),(183,4,2,'2016-05-06 19:01:06',22,NULL,NULL),(184,1,3,'2016-05-06 20:01:01',18,40,1020),(185,1,2,'2016-05-06 20:01:02',18,NULL,NULL),(186,2,3,'2016-05-06 20:01:02',23,29,1008),(187,2,2,'2016-05-06 20:01:03',24,NULL,NULL),(188,3,3,'2016-05-06 20:01:04',23,25,1017),(189,3,2,'2016-05-06 20:01:04',22,NULL,NULL),(190,4,3,'2016-05-06 20:01:05',22,31,1008),(191,4,2,'2016-05-06 20:01:06',22,NULL,NULL),(192,1,3,'2016-05-06 21:01:02',16,39,1020),(193,1,2,'2016-05-06 21:01:02',17,NULL,NULL),(194,2,3,'2016-05-06 21:01:03',22,35,1009),(195,2,2,'2016-05-06 21:01:04',23,NULL,NULL),(196,3,3,'2016-05-06 21:01:04',21,28,1017),(197,3,2,'2016-05-06 21:01:05',22,NULL,NULL),(198,4,3,'2016-05-06 21:01:05',21,35,1007),(199,4,2,'2016-05-06 21:01:06',21,NULL,NULL),(200,1,3,'2016-05-06 22:01:02',15,39,1020),(201,1,2,'2016-05-06 22:01:03',16,NULL,NULL),(202,2,3,'2016-05-06 22:01:04',21,40,1008),(203,2,2,'2016-05-06 22:01:04',22,NULL,NULL),(204,3,3,'2016-05-06 22:01:05',20,33,1017),(205,3,2,'2016-05-06 22:01:06',21,NULL,NULL),(206,4,3,'2016-05-06 22:01:06',20,35,1008),(207,4,2,'2016-05-06 22:01:07',20,NULL,NULL),(208,1,3,'2016-05-06 23:01:02',14,38,1020),(209,1,2,'2016-05-06 23:01:03',15,NULL,NULL),(210,2,3,'2016-05-06 23:01:04',19,46,1009),(211,2,2,'2016-05-06 23:01:04',21,NULL,NULL),(212,3,3,'2016-05-06 23:01:05',19,37,1017),(213,3,2,'2016-05-06 23:01:06',19,NULL,NULL),(214,4,3,'2016-05-06 23:01:06',19,43,1008),(215,4,2,'2016-05-06 23:01:07',18,NULL,NULL),(216,1,3,'2016-05-07 00:01:02',13,38,1021),(217,1,2,'2016-05-07 00:01:03',15,NULL,NULL),(218,2,3,'2016-05-07 00:01:03',18,52,1009),(219,2,2,'2016-05-07 00:01:04',21,NULL,NULL),(220,3,3,'2016-05-07 00:01:04',18,42,1017),(221,3,2,'2016-05-07 00:01:05',19,NULL,NULL),(222,4,3,'2016-05-07 00:01:06',16,63,1008),(223,4,2,'2016-05-07 00:01:06',20,NULL,NULL),(224,1,3,'2016-05-07 01:01:02',14,38,1021),(225,1,2,'2016-05-07 01:01:02',13,NULL,NULL),(226,2,3,'2016-05-07 01:01:03',17,55,1009),(227,2,2,'2016-05-07 01:01:03',19,NULL,NULL),(228,3,3,'2016-05-07 01:01:04',18,40,1018),(229,3,2,'2016-05-07 01:01:05',18,NULL,NULL),(230,4,3,'2016-05-07 01:01:05',15,72,1008),(231,4,2,'2016-05-07 01:01:06',17,NULL,NULL),(232,1,3,'2016-05-07 02:01:02',11,38,1021),(233,1,2,'2016-05-07 02:01:03',15,NULL,NULL),(234,2,3,'2016-05-07 02:01:03',16,63,1009),(235,2,2,'2016-05-07 02:01:04',19,NULL,NULL),(236,3,3,'2016-05-07 02:01:04',16,45,1018),(237,3,2,'2016-05-07 02:01:07',18,NULL,NULL),(238,4,3,'2016-05-07 02:01:08',15,72,1008),(239,4,2,'2016-05-07 02:01:08',16,NULL,NULL),(240,1,3,'2016-05-07 03:01:01',9,40,1021),(241,1,2,'2016-05-07 03:01:02',12,NULL,NULL),(242,2,3,'2016-05-07 03:01:03',14,72,1009),(243,2,2,'2016-05-07 03:01:03',17,NULL,NULL),(244,3,3,'2016-05-07 03:01:04',15,48,1018),(245,3,2,'2016-05-07 03:01:04',16,NULL,NULL),(246,4,3,'2016-05-07 03:01:05',15,72,1008),(247,4,2,'2016-05-07 03:01:06',15,NULL,NULL),(248,1,3,'2016-05-07 04:01:02',8,40,1021),(249,2,3,'2016-05-07 04:01:08',13,77,1009),(250,2,2,'2016-05-07 04:01:08',17,NULL,NULL),(251,3,3,'2016-05-07 04:01:09',15,48,1018),(252,3,2,'2016-05-07 04:01:10',16,NULL,NULL),(253,4,3,'2016-05-07 04:01:10',14,72,1007),(254,4,2,'2016-05-07 04:01:11',15,NULL,NULL),(255,1,3,'2016-05-07 05:01:02',8,37,1021),(256,1,2,'2016-05-07 05:01:03',10,NULL,NULL),(257,2,3,'2016-05-07 05:01:03',13,77,1008),(258,2,2,'2016-05-07 05:01:04',16,NULL,NULL),(259,3,3,'2016-05-07 05:01:04',14,51,1018),(260,3,2,'2016-05-07 05:01:05',15,NULL,NULL),(261,4,3,'2016-05-07 05:01:05',14,72,1007),(262,4,2,'2016-05-07 05:01:06',15,NULL,NULL),(263,1,3,'2016-05-07 06:01:01',8,37,1021),(264,2,3,'2016-05-07 06:01:07',13,77,1008),(265,2,2,'2016-05-07 06:01:08',15,NULL,NULL),(266,3,3,'2016-05-07 06:01:09',13,54,1018),(267,3,2,'2016-05-07 06:01:09',15,NULL,NULL),(268,4,3,'2016-05-07 06:01:10',13,77,1007),(269,4,2,'2016-05-07 06:01:11',14,NULL,NULL),(270,1,3,'2016-05-07 07:01:02',9,37,1022),(271,1,2,'2016-05-07 07:01:02',8,NULL,NULL),(272,2,3,'2016-05-07 07:01:03',13,77,1008),(273,2,2,'2016-05-07 07:01:04',15,NULL,NULL),(274,3,3,'2016-05-07 07:01:04',12,58,1018),(275,3,2,'2016-05-07 07:01:05',14,NULL,NULL),(276,4,3,'2016-05-07 07:01:05',13,77,1007),(277,4,2,'2016-05-07 07:01:06',14,NULL,NULL),(278,1,3,'2016-05-07 08:01:02',13,38,1022),(279,1,2,'2016-05-07 08:01:03',8,NULL,NULL),(280,2,3,'2016-05-07 08:01:03',13,72,1008),(281,2,2,'2016-05-07 08:01:04',14,NULL,NULL),(282,3,3,'2016-05-07 08:01:05',13,54,1018),(283,3,2,'2016-05-07 08:01:06',12,NULL,NULL),(284,4,3,'2016-05-07 08:01:06',12,82,1006),(285,4,2,'2016-05-07 08:01:07',12,NULL,NULL),(286,1,3,'2016-05-07 09:01:02',16,39,1022),(287,1,2,'2016-05-07 09:01:03',12,NULL,NULL),(288,2,3,'2016-05-07 09:01:03',13,72,1008),(289,2,2,'2016-05-07 09:01:04',13,NULL,NULL),(290,3,3,'2016-05-07 09:01:04',16,42,1018),(291,3,2,'2016-05-07 09:01:05',12,NULL,NULL),(292,4,3,'2016-05-07 09:01:06',13,77,1007),(293,4,2,'2016-05-07 09:01:06',12,NULL,NULL),(294,1,3,'2016-05-07 10:01:02',18,40,1023),(295,1,2,'2016-05-07 10:01:02',12,NULL,NULL),(296,2,3,'2016-05-07 10:01:03',16,59,1008),(297,2,2,'2016-05-07 10:01:04',13,NULL,NULL),(298,3,3,'2016-05-07 10:01:04',18,37,1018),(299,3,2,'2016-05-07 10:01:05',12,NULL,NULL),(300,4,3,'2016-05-07 10:01:05',14,77,1007),(301,4,2,'2016-05-07 10:01:06',12,NULL,NULL),(302,1,3,'2016-05-07 11:01:02',19,40,1023),(303,1,2,'2016-05-07 11:01:03',17,NULL,NULL),(304,2,3,'2016-05-07 11:01:03',16,55,1008),(305,2,2,'2016-05-07 11:01:04',17,NULL,NULL),(306,3,3,'2016-05-07 11:01:05',20,35,1018),(307,3,2,'2016-05-07 11:01:05',17,NULL,NULL),(308,4,3,'2016-05-07 11:01:06',17,68,1007),(309,4,2,'2016-05-07 11:01:06',14,NULL,NULL),(310,1,3,'2016-05-07 12:01:02',20,40,1022),(311,1,2,'2016-05-07 12:01:03',18,NULL,NULL),(312,2,3,'2016-05-07 12:01:03',17,52,1009),(313,2,2,'2016-05-07 12:01:04',17,NULL,NULL),(314,3,3,'2016-05-07 12:01:04',22,31,1018),(315,3,2,'2016-05-07 12:01:05',20,NULL,NULL),(316,4,3,'2016-05-07 12:01:06',19,60,1007),(317,4,2,'2016-05-07 12:01:06',16,NULL,NULL),(318,1,3,'2016-05-07 13:01:01',21,40,1022),(319,1,2,'2016-05-07 13:01:02',20,NULL,NULL),(320,2,3,'2016-05-07 13:01:03',18,52,1009),(321,2,2,'2016-05-07 13:01:03',17,NULL,NULL),(322,3,3,'2016-05-07 13:01:04',23,25,1018),(323,3,2,'2016-05-07 13:01:04',21,NULL,NULL),(324,4,3,'2016-05-07 13:01:05',21,56,1007),(325,4,2,'2016-05-07 13:01:06',18,NULL,NULL),(326,1,3,'2016-05-07 14:01:02',20,40,1022),(327,1,2,'2016-05-07 14:01:03',21,NULL,NULL),(328,2,3,'2016-05-07 14:01:04',20,43,1008),(329,2,2,'2016-05-07 14:01:05',19,NULL,NULL),(330,3,3,'2016-05-07 14:01:05',24,25,1018),(331,3,2,'2016-05-07 14:01:06',23,NULL,NULL),(332,4,3,'2016-05-07 14:01:06',22,53,1006),(333,4,2,'2016-05-07 14:01:07',21,NULL,NULL),(334,1,3,'2016-05-07 15:01:02',21,40,1022),(335,1,2,'2016-05-07 15:01:03',20,NULL,NULL),(336,2,3,'2016-05-07 15:01:03',20,43,1008),(337,2,2,'2016-05-07 15:01:04',20,NULL,NULL),(338,3,3,'2016-05-07 15:01:04',24,24,1017),(339,3,2,'2016-05-07 15:01:05',23,NULL,NULL),(340,4,3,'2016-05-07 15:01:06',22,50,1006),(341,4,2,'2016-05-07 15:01:06',23,NULL,NULL),(342,1,3,'2016-05-07 16:01:01',22,41,1022),(343,1,2,'2016-05-07 16:01:02',21,NULL,NULL),(344,2,3,'2016-05-07 16:01:03',21,43,1008),(345,2,2,'2016-05-07 16:01:04',22,NULL,NULL),(346,3,3,'2016-05-07 16:01:04',24,24,1017),(347,3,2,'2016-05-07 16:01:05',24,NULL,NULL),(348,4,3,'2016-05-07 16:01:05',23,50,1006),(349,4,2,'2016-05-07 16:01:06',22,NULL,NULL),(350,1,3,'2016-05-07 17:01:02',22,38,1021),(351,1,2,'2016-05-07 17:01:03',22,NULL,NULL),(352,2,3,'2016-05-07 17:01:03',22,41,1008),(353,2,2,'2016-05-07 17:01:04',22,NULL,NULL),(354,3,3,'2016-05-07 17:01:04',25,22,1016),(355,3,2,'2016-05-07 17:01:05',24,NULL,NULL),(356,4,3,'2016-05-07 17:01:06',22,46,1006),(357,4,2,'2016-05-07 17:01:07',23,NULL,NULL),(358,1,3,'2016-05-07 18:01:02',21,40,1021),(359,1,2,'2016-05-07 18:01:03',22,NULL,NULL),(360,2,3,'2016-05-07 18:01:04',23,38,1007),(361,2,2,'2016-05-07 18:01:04',23,NULL,NULL),(362,3,3,'2016-05-07 18:01:05',24,22,1016),(363,3,2,'2016-05-07 18:01:05',25,NULL,NULL),(364,4,3,'2016-05-07 18:01:06',22,50,1005),(365,4,2,'2016-05-07 18:01:07',22,NULL,NULL),(366,1,3,'2016-05-07 19:01:03',21,40,1021),(367,1,2,'2016-05-07 19:01:06',21,NULL,NULL),(368,2,3,'2016-05-07 19:01:07',23,41,1007),(369,2,2,'2016-05-07 19:01:08',23,NULL,NULL),(370,3,3,'2016-05-07 19:01:08',24,22,1016),(371,3,2,'2016-05-07 19:01:09',24,NULL,NULL),(372,4,3,'2016-05-07 19:01:09',22,46,1005),(373,4,2,'2016-05-07 19:01:17',22,NULL,NULL),(374,1,3,'2016-05-07 20:01:02',20,40,1021),(375,1,2,'2016-05-07 20:01:03',21,NULL,NULL),(376,2,3,'2016-05-07 20:01:03',23,36,1007),(377,2,2,'2016-05-07 20:01:04',23,NULL,NULL),(378,3,3,'2016-05-07 20:01:04',23,23,1016),(379,3,2,'2016-05-07 20:01:05',24,NULL,NULL),(380,4,3,'2016-05-07 20:01:06',21,38,1006),(381,4,2,'2016-05-07 20:01:06',21,NULL,NULL),(382,1,3,'2016-05-07 21:01:02',19,40,1021),(383,1,2,'2016-05-07 21:01:03',21,NULL,NULL),(384,2,3,'2016-05-07 21:01:03',23,33,1007),(385,2,2,'2016-05-07 21:01:06',24,NULL,NULL),(386,3,3,'2016-05-07 21:01:07',22,27,1016),(387,3,2,'2016-05-07 21:01:07',23,NULL,NULL),(388,4,3,'2016-05-07 21:01:08',20,46,1006),(389,4,2,'2016-05-07 21:01:08',21,NULL,NULL),(390,1,3,'2016-05-07 22:01:02',18,40,1022),(391,1,2,'2016-05-07 22:01:06',20,NULL,NULL),(392,2,3,'2016-05-07 22:01:06',22,38,1007),(393,2,2,'2016-05-07 22:01:07',23,NULL,NULL),(394,3,3,'2016-05-07 22:01:07',21,28,1017),(395,3,2,'2016-05-07 22:01:08',23,NULL,NULL),(396,4,3,'2016-05-07 22:01:09',20,46,1006),(397,4,2,'2016-05-07 22:01:09',21,NULL,NULL),(398,1,3,'2016-05-07 23:01:02',17,39,1022),(399,1,2,'2016-05-07 23:01:02',19,NULL,NULL),(400,2,3,'2016-05-07 23:01:03',19,46,1007),(401,2,2,'2016-05-07 23:01:04',23,NULL,NULL),(402,3,3,'2016-05-07 23:01:04',20,30,1017),(403,3,2,'2016-05-07 23:01:05',21,NULL,NULL),(404,4,3,'2016-05-07 23:01:05',19,49,1006),(405,4,2,'2016-05-07 23:01:06',20,NULL,NULL),(406,1,3,'2016-05-08 00:01:02',16,39,1022),(407,1,2,'2016-05-08 00:01:03',19,NULL,NULL),(408,2,3,'2016-05-08 00:01:04',16,59,1007),(409,2,2,'2016-05-08 00:01:04',23,NULL,NULL),(410,3,3,'2016-05-08 00:01:05',18,37,1017),(411,3,2,'2016-05-08 00:01:05',21,NULL,NULL),(412,4,3,'2016-05-08 00:01:06',18,52,1007),(413,4,2,'2016-05-08 00:01:06',20,NULL,NULL),(414,1,3,'2016-05-08 04:01:03',10,37,1023),(415,1,1,'2016-05-08 04:01:03',9.65,66,1017.03),(416,1,2,'2016-05-08 04:01:08',15,NULL,NULL),(417,2,3,'2016-05-08 04:01:09',14,67,1007),(418,2,1,'2016-05-08 04:01:09',17.05,41,1009.25),(419,2,2,'2016-05-08 04:01:10',17,NULL,NULL),(420,3,3,'2016-05-08 04:01:10',15,45,1019),(421,3,1,'2016-05-08 04:01:12',14.24,50,1027.73),(422,3,2,'2016-05-08 04:01:13',17,NULL,NULL),(423,4,3,'2016-05-08 04:01:13',15,63,1007),(424,4,1,'2016-05-08 04:01:13',13.85,60,1011.36),(425,4,2,'2016-05-08 04:01:14',16,NULL,NULL),(426,1,3,'2016-05-08 05:01:02',9,40,1023),(427,1,1,'2016-05-08 05:01:02',9.42,67,1017.68),(428,1,2,'2016-05-08 05:01:02',12,NULL,NULL),(429,2,3,'2016-05-08 05:01:03',14,63,1007),(430,2,1,'2016-05-08 05:01:03',15.97,45,1008.68),(431,2,2,'2016-05-08 05:01:04',17,NULL,NULL),(432,3,3,'2016-05-08 05:01:04',15,48,1019),(433,3,1,'2016-05-08 05:01:05',12.22,61,1028.38),(434,3,2,'2016-05-08 05:01:05',16,NULL,NULL),(435,4,3,'2016-05-08 05:01:06',14,72,1007),(436,4,1,'2016-05-08 05:01:06',12.97,58,1011.11),(437,4,2,'2016-05-08 05:01:07',15,NULL,NULL),(438,1,3,'2016-05-08 06:01:02',9,40,1023),(439,1,1,'2016-05-08 06:01:02',9.42,67,1017.68),(440,1,2,'2016-05-08 06:01:03',11,NULL,NULL),(441,2,3,'2016-05-08 06:01:03',13,67,1007),(442,2,1,'2016-05-08 06:01:03',15.97,45,1008.68),(443,2,2,'2016-05-08 06:01:04',16,NULL,NULL),(444,3,3,'2016-05-08 06:01:05',13,54,1019),(445,3,1,'2016-05-08 06:01:05',12.22,61,1028.38),(446,3,2,'2016-05-08 06:01:05',15,NULL,NULL),(447,4,3,'2016-05-08 06:01:06',14,72,1007),(448,4,1,'2016-05-08 06:01:06',12.47,71,1008),(449,4,2,'2016-05-08 06:01:07',14,NULL,NULL),(450,1,3,'2016-05-08 07:01:02',12,38,1023),(451,1,1,'2016-05-08 07:01:02',9.42,67,1017.68),(452,1,2,'2016-05-08 07:01:03',9,NULL,NULL),(453,2,3,'2016-05-08 07:01:03',13,72,1007),(454,2,1,'2016-05-08 07:01:03',15.97,45,1008.68),(455,2,2,'2016-05-08 07:01:04',15,NULL,NULL),(456,3,3,'2016-05-08 07:01:05',12,62,1019),(457,3,1,'2016-05-08 07:01:05',12.22,61,1028.38),(458,3,2,'2016-05-08 07:01:05',13,NULL,NULL),(459,4,3,'2016-05-08 07:01:06',14,72,1007),(460,4,1,'2016-05-08 07:01:06',12.97,58,1011.11),(461,4,2,'2016-05-08 07:01:07',14,NULL,NULL),(462,1,3,'2016-05-08 08:01:02',15,39,1024),(463,1,1,'2016-05-08 08:01:02',16.49,71,1018.65),(464,1,2,'2016-05-08 08:01:03',12,NULL,NULL),(465,2,3,'2016-05-08 08:01:03',13,72,1008),(466,2,1,'2016-05-08 08:01:03',15.97,45,1008.68),(467,2,2,'2016-05-08 08:01:04',13,NULL,NULL),(468,3,3,'2016-05-08 08:01:04',14,55,1020),(469,3,1,'2016-05-08 08:01:05',14.99,62,1029.27),(470,3,2,'2016-05-08 08:01:05',12,NULL,NULL),(471,4,3,'2016-05-08 08:01:06',13,77,1007),(472,4,1,'2016-05-08 08:01:06',14.79,55,1011.68),(473,4,2,'2016-05-08 08:01:07',14,NULL,NULL),(474,1,3,'2016-05-08 09:01:02',17,39,1024),(475,1,1,'2016-05-08 09:01:02',16.49,71,1018.65),(476,1,2,'2016-05-08 09:01:03',14,NULL,NULL),(477,2,3,'2016-05-08 09:01:03',14,72,1008),(478,2,1,'2016-05-08 09:01:04',16.49,43,1009.65),(479,2,2,'2016-05-08 09:01:04',13,NULL,NULL),(480,3,3,'2016-05-08 09:01:05',16,48,1020),(481,3,1,'2016-05-08 09:01:05',14.99,62,1029.27),(482,3,2,'2016-05-08 09:01:06',13,NULL,NULL),(483,4,3,'2016-05-08 09:01:06',15,67,1007),(484,4,1,'2016-05-08 09:01:06',14.79,55,1011.68),(485,4,2,'2016-05-08 09:01:07',12,NULL,NULL),(486,1,3,'2016-05-08 10:01:01',19,40,1024),(487,1,1,'2016-05-08 10:01:01',16.49,71,1018.65),(488,1,2,'2016-05-08 10:01:02',16,NULL,NULL),(489,2,3,'2016-05-08 10:01:03',16,63,1008),(490,2,1,'2016-05-08 10:01:03',16.49,43,1009.65),(491,2,2,'2016-05-08 10:01:04',16,NULL,NULL),(492,3,3,'2016-05-08 10:01:04',18,42,1020),(493,3,1,'2016-05-08 10:01:04',14.99,62,1029.27),(494,3,2,'2016-05-08 10:01:05',15,NULL,NULL),(495,4,3,'2016-05-08 10:01:06',18,59,1007),(496,4,1,'2016-05-08 10:01:06',14.79,55,1011.68),(497,4,2,'2016-05-08 10:01:06',14,NULL,NULL),(498,1,3,'2016-05-08 11:01:02',21,40,1024),(499,1,1,'2016-05-08 11:01:02',16.49,71,1018.65),(500,1,2,'2016-05-08 11:01:02',16,NULL,NULL),(501,2,3,'2016-05-08 11:01:03',19,43,1008),(502,2,1,'2016-05-08 11:01:03',21.31,42,1010.51),(503,2,2,'2016-05-08 11:01:04',17,NULL,NULL),(504,3,3,'2016-05-08 11:01:04',20,40,1021),(505,3,1,'2016-05-08 11:01:04',20.26,65,1029.48),(506,3,2,'2016-05-08 11:01:05',15,NULL,NULL),(507,4,3,'2016-05-08 11:01:05',19,56,1007),(508,4,1,'2016-05-08 11:01:06',14.79,55,1011.68),(509,4,2,'2016-05-08 11:01:06',17,NULL,NULL),(510,1,3,'2016-05-08 12:01:02',22,41,1024),(511,1,1,'2016-05-08 12:01:02',20.76,66,1019.19),(512,1,2,'2016-05-08 12:01:02',18,NULL,NULL),(513,2,3,'2016-05-08 12:01:03',20,43,1008),(514,2,1,'2016-05-08 12:01:03',21.31,42,1010.51),(515,2,2,'2016-05-08 12:01:04',20,NULL,NULL),(516,3,3,'2016-05-08 12:01:04',21,35,1021),(517,3,1,'2016-05-08 12:01:04',20.26,65,1029.48),(518,3,2,'2016-05-08 12:01:05',17,NULL,NULL),(519,4,3,'2016-05-08 12:01:05',21,53,1007),(520,4,1,'2016-05-08 12:01:06',20.61,58,1012.14),(521,4,2,'2016-05-08 12:01:06',17,NULL,NULL),(522,1,3,'2016-05-08 13:01:02',23,41,1024),(523,1,1,'2016-05-08 13:01:02',20.76,66,1019.19),(524,1,2,'2016-05-08 13:01:02',20,NULL,NULL),(525,2,3,'2016-05-08 13:01:03',22,38,1008),(526,2,1,'2016-05-08 13:01:03',21.31,42,1010.51),(527,2,2,'2016-05-08 13:01:04',20,NULL,NULL),(528,3,3,'2016-05-08 13:01:04',22,31,1020),(529,3,1,'2016-05-08 13:01:05',22.69,35,1020),(530,3,2,'2016-05-08 13:01:05',19,NULL,NULL),(531,4,3,'2016-05-08 13:01:06',24,36,1007),(532,4,1,'2016-05-08 13:01:06',20.61,58,1012.14),(533,4,2,'2016-05-08 13:01:07',18,NULL,NULL),(534,1,3,'2016-05-08 14:01:02',22,41,1024),(535,1,1,'2016-05-08 14:01:02',22.02,54,1017.83),(536,1,2,'2016-05-08 14:01:03',21,NULL,NULL),(537,2,3,'2016-05-08 14:01:03',23,38,1008),(538,2,1,'2016-05-08 14:01:04',20.98,47,1010.22),(539,2,2,'2016-05-08 14:01:04',21,NULL,NULL),(540,3,3,'2016-05-08 14:01:05',23,31,1020),(541,3,1,'2016-05-08 14:01:05',20.26,65,1029.48),(542,3,2,'2016-05-08 14:01:06',21,NULL,NULL),(543,4,3,'2016-05-08 14:01:06',25,32,1007),(544,4,1,'2016-05-08 14:01:06',23.77,63,1011.1),(545,4,2,'2016-05-08 14:01:07',21,NULL,NULL),(546,1,3,'2016-05-08 15:01:02',22,41,1023),(547,1,1,'2016-05-08 15:01:02',22.02,54,1017.83),(548,1,2,'2016-05-08 15:01:03',22,NULL,NULL),(549,2,3,'2016-05-08 15:01:03',23,44,1007),(550,2,1,'2016-05-08 15:01:04',23.62,43,1009.4),(551,2,2,'2016-05-08 15:01:04',22,NULL,NULL),(552,3,3,'2016-05-08 15:01:05',23,31,1019),(553,3,1,'2016-05-08 15:01:05',21.77,56,1028.45),(554,3,2,'2016-05-08 15:01:05',22,NULL,NULL),(555,4,3,'2016-05-08 15:01:06',25,32,1006),(556,4,1,'2016-05-08 15:01:06',23.77,63,1011.1),(557,4,2,'2016-05-08 15:01:07',23,NULL,NULL),(558,1,3,'2016-05-08 16:01:02',22,41,1023),(559,1,1,'2016-05-08 16:01:02',22.02,54,1017.83),(560,1,2,'2016-05-08 16:01:03',22,NULL,NULL),(561,2,3,'2016-05-08 16:01:03',23,41,1007),(562,2,1,'2016-05-08 16:01:04',23.62,43,1009.4),(563,2,2,'2016-05-08 16:01:04',24,NULL,NULL),(564,3,3,'2016-05-08 16:01:05',24,27,1019),(565,3,1,'2016-05-08 16:01:05',21.77,56,1028.45),(566,3,2,'2016-05-08 16:01:06',23,NULL,NULL),(567,4,3,'2016-05-08 16:01:06',26,30,1006),(568,4,1,'2016-05-08 16:01:06',23.77,63,1011.1),(569,4,2,'2016-05-08 16:01:07',26,NULL,NULL),(570,1,3,'2016-05-08 17:01:02',23,41,1023),(571,1,1,'2016-05-08 17:01:02',21.34,52,1017.34),(572,1,2,'2016-05-08 17:01:03',22,NULL,NULL),(573,2,3,'2016-05-08 17:01:03',23,41,1006),(574,2,1,'2016-05-08 17:01:03',23.62,43,1009.4),(575,2,2,'2016-05-08 17:01:04',25,NULL,NULL),(576,3,3,'2016-05-08 17:01:04',24,29,1019),(577,3,1,'2016-05-08 17:01:05',21.77,56,1028.45),(578,3,2,'2016-05-08 17:01:05',23,NULL,NULL),(579,4,3,'2016-05-08 17:01:06',26,32,1006),(580,4,1,'2016-05-08 17:01:06',24.14,50,1010.77),(581,4,2,'2016-05-08 17:01:07',26,NULL,NULL),(582,1,3,'2016-05-08 18:01:02',23,41,1022),(583,1,1,'2016-05-08 18:01:02',21.34,52,1017.34),(584,1,2,'2016-05-08 18:01:03',22,NULL,NULL),(585,2,3,'2016-05-08 18:01:03',24,38,1006),(586,2,1,'2016-05-08 18:01:03',25.24,37,1007.69),(587,2,2,'2016-05-08 18:01:04',25,NULL,NULL),(588,3,3,'2016-05-08 18:01:05',24,27,1019),(589,3,1,'2016-05-08 18:01:05',22.49,48,1027.48),(590,3,2,'2016-05-08 18:01:05',24,NULL,NULL),(591,4,3,'2016-05-08 18:01:06',26,28,1006),(592,4,1,'2016-05-08 18:01:06',24.14,50,1010.77),(593,4,2,'2016-05-08 18:01:07',26,NULL,NULL),(594,1,3,'2016-05-08 19:01:02',22,43,1022),(595,1,1,'2016-05-08 19:01:02',21.34,52,1017.34),(596,1,2,'2016-05-08 19:01:03',23,NULL,NULL),(597,2,3,'2016-05-08 19:01:03',24,38,1006),(598,2,1,'2016-05-08 19:01:04',25.24,37,1007.69),(599,2,2,'2016-05-08 19:01:04',24,NULL,NULL),(600,3,3,'2016-05-08 19:01:05',24,25,1018),(601,3,1,'2016-05-08 19:01:05',22.49,48,1027.48),(602,3,2,'2016-05-08 19:01:06',24,NULL,NULL),(603,4,3,'2016-05-08 19:01:06',26,28,1006),(604,4,1,'2016-05-08 19:01:07',24.14,50,1010.77),(605,4,2,'2016-05-08 19:01:07',26,NULL,NULL),(606,1,3,'2016-05-08 20:01:02',21,40,1023),(607,1,1,'2016-05-08 20:01:02',16.92,55,1017.65),(608,1,2,'2016-05-08 20:01:03',22,NULL,NULL),(609,2,3,'2016-05-08 20:01:03',24,41,1005),(610,2,1,'2016-05-08 20:01:03',24.27,33,1007.03),(611,2,2,'2016-05-08 20:01:04',26,NULL,NULL),(612,3,3,'2016-05-08 20:01:04',24,27,1018),(613,3,1,'2016-05-08 20:01:06',20.77,44,1027.29),(614,3,2,'2016-05-08 20:01:06',24,NULL,NULL),(615,4,3,'2016-05-08 20:01:07',25,28,1006),(616,4,1,'2016-05-08 20:01:07',23.12,43,1010.68),(617,4,2,'2016-05-08 20:01:08',26,NULL,NULL),(618,1,3,'2016-05-08 21:01:02',20,40,1023),(619,1,1,'2016-05-08 21:01:02',16.92,55,1017.65),(620,1,2,'2016-05-08 21:01:03',22,NULL,NULL),(621,2,3,'2016-05-08 21:01:03',23,44,1005),(622,2,1,'2016-05-08 21:01:03',24.27,33,1007.03),(623,2,2,'2016-05-08 21:01:04',25,NULL,NULL),(624,3,3,'2016-05-08 21:01:05',23,29,1018),(625,3,1,'2016-05-08 21:01:05',20.77,44,1027.29),(626,3,2,'2016-05-08 21:01:05',24,NULL,NULL),(627,4,3,'2016-05-08 21:01:06',24,29,1006),(628,4,1,'2016-05-08 21:01:06',23.12,43,1010.68),(629,4,2,'2016-05-08 21:01:07',27,NULL,NULL),(630,1,3,'2016-05-08 22:01:03',19,40,1023),(631,1,1,'2016-05-08 22:01:03',16.92,55,1017.65),(632,1,2,'2016-05-08 22:01:04',22,NULL,NULL),(633,2,3,'2016-05-08 22:01:04',22,46,1005),(634,2,1,'2016-05-08 22:01:04',24.27,33,1007.03),(635,2,2,'2016-05-08 22:01:05',25,NULL,NULL),(636,3,3,'2016-05-08 22:01:05',22,33,1018),(637,3,1,'2016-05-08 22:01:06',20.77,44,1027.29),(638,3,2,'2016-05-08 22:01:06',24,NULL,NULL),(639,4,3,'2016-05-08 22:01:07',22,43,1007),(640,4,1,'2016-05-08 22:01:07',23.12,43,1010.68),(641,4,2,'2016-05-08 22:01:08',27,NULL,NULL),(642,1,3,'2016-05-08 23:01:02',18,40,1023),(643,1,1,'2016-05-08 23:01:02',13.31,61,1018.47),(644,1,2,'2016-05-08 23:01:03',22,NULL,NULL),(645,2,3,'2016-05-08 23:01:03',21,53,1006),(646,2,1,'2016-05-08 23:01:03',24.27,33,1007.03),(647,2,2,'2016-05-08 23:01:04',24,NULL,NULL),(648,3,3,'2016-05-08 23:01:05',20,37,1019),(649,3,1,'2016-05-08 23:01:05',20.77,44,1027.29),(650,3,2,'2016-05-08 23:01:06',23,NULL,NULL),(651,4,3,'2016-05-08 23:01:06',20,52,1007),(652,4,1,'2016-05-08 23:01:06',19.06,42,1011.58),(653,4,2,'2016-05-08 23:01:07',26,NULL,NULL),(654,1,3,'2016-05-09 00:01:02',17,39,1024),(655,1,1,'2016-05-09 00:01:02',13.31,61,1018.47),(656,1,2,'2016-05-09 00:01:03',19,NULL,NULL),(657,2,3,'2016-05-09 00:01:04',20,56,1006),(658,2,1,'2016-05-09 00:01:04',21.66,33,1007.69),(659,2,2,'2016-05-09 00:01:04',22,NULL,NULL),(660,3,3,'2016-05-09 00:01:05',19,43,1019),(661,3,1,'2016-05-09 00:01:05',17.61,46,1028.03),(662,3,2,'2016-05-09 00:01:06',21,NULL,NULL),(663,4,3,'2016-05-09 00:01:06',20,49,1007),(664,4,1,'2016-05-09 00:01:06',19.06,42,1011.58),(665,4,2,'2016-05-09 00:01:07',22,NULL,NULL),(666,1,3,'2016-05-09 02:01:03',16,39,1024),(667,1,1,'2016-05-09 02:01:03',11.98,76,1018.75),(668,1,2,'2016-05-09 02:01:04',16,NULL,NULL),(669,2,3,'2016-05-09 02:01:07',19,52,1007),(670,2,1,'2016-05-09 02:01:07',21.66,33,1007.69),(671,2,2,'2016-05-09 02:01:08',21,NULL,NULL),(672,3,3,'2016-05-09 02:01:08',17,48,1020),(673,3,1,'2016-05-09 02:01:08',15.33,56,1028.64),(674,3,2,'2016-05-09 02:01:09',17,NULL,NULL),(675,4,3,'2016-05-09 02:01:10',18,56,1007),(676,4,1,'2016-05-09 02:01:10',17.63,45,1011.54),(677,4,2,'2016-05-09 02:01:10',19,NULL,NULL),(678,1,3,'2016-05-09 03:01:02',14,41,1024),(679,1,1,'2016-05-09 03:01:02',11.98,76,1018.75),(680,1,2,'2016-05-09 03:01:03',17,NULL,NULL),(681,2,3,'2016-05-09 03:01:03',19,56,1008),(682,2,1,'2016-05-09 03:01:03',18.53,59,1009.83),(683,2,2,'2016-05-09 03:01:04',20,NULL,NULL),(684,3,3,'2016-05-09 03:01:05',16,52,1020),(685,3,1,'2016-05-09 03:01:05',15.33,56,1028.64),(686,3,2,'2016-05-09 03:01:05',17,NULL,NULL),(687,4,3,'2016-05-09 03:01:06',18,56,1007),(688,4,1,'2016-05-09 03:01:06',17.63,45,1011.54),(689,4,2,'2016-05-09 03:01:07',18,NULL,NULL),(690,1,3,'2016-05-09 04:01:02',14,41,1024),(691,1,1,'2016-05-09 04:01:02',11.98,76,1018.75),(692,1,2,'2016-05-09 04:01:08',17,NULL,NULL),(693,2,3,'2016-05-09 04:01:08',18,64,1008),(694,2,1,'2016-05-09 04:01:08',18.53,59,1009.83),(695,2,2,'2016-05-09 04:01:09',20,NULL,NULL),(696,3,3,'2016-05-09 04:01:10',15,59,1020),(697,3,1,'2016-05-09 04:01:10',15.33,56,1028.64),(698,3,2,'2016-05-09 04:01:10',17,NULL,NULL),(699,4,3,'2016-05-09 04:01:11',17,55,1007),(700,4,1,'2016-05-09 04:01:11',17.63,45,1011.54),(701,4,2,'2016-05-09 04:01:12',18,NULL,NULL),(702,1,3,'2016-05-09 05:01:02',14,38,1024),(703,1,1,'2016-05-09 05:01:02',9.57,80,1018.72),(704,1,2,'2016-05-09 05:01:03',15,NULL,NULL),(705,2,3,'2016-05-09 05:01:03',17,72,1008),(706,2,1,'2016-05-09 05:01:03',17.1,65,1009.97),(707,2,2,'2016-05-09 05:01:04',18,NULL,NULL),(708,3,3,'2016-05-09 05:01:05',14,63,1020),(709,3,1,'2016-05-09 05:01:05',13.47,65,1028.85),(710,3,2,'2016-05-09 05:01:06',16,NULL,NULL),(711,4,3,'2016-05-09 05:01:06',17,55,1007),(712,4,1,'2016-05-09 05:01:06',16.9,48,1011.35),(713,4,2,'2016-05-09 05:01:07',18,NULL,NULL),(714,1,3,'2016-05-09 06:01:02',12,41,1024),(715,1,1,'2016-05-09 06:01:02',9.57,80,1018.72),(716,1,2,'2016-05-09 06:01:03',15,NULL,NULL),(717,2,3,'2016-05-09 06:01:03',17,72,1007),(718,2,1,'2016-05-09 06:01:03',17.1,65,1009.97),(719,2,2,'2016-05-09 06:01:04',18,NULL,NULL),(720,3,3,'2016-05-09 06:01:05',14,63,1020),(721,3,1,'2016-05-09 06:01:05',13.47,65,1028.85),(722,3,2,'2016-05-09 06:01:06',15,NULL,NULL),(723,4,3,'2016-05-09 06:01:06',16,59,1007),(724,4,1,'2016-05-09 06:01:06',15.04,67,1008),(725,4,2,'2016-05-09 06:01:07',17,NULL,NULL),(726,1,3,'2016-05-09 07:01:02',14,38,1024),(727,1,1,'2016-05-09 07:01:02',9.57,80,1018.72),(728,1,2,'2016-05-09 07:01:03',15,NULL,NULL),(729,2,3,'2016-05-09 07:01:04',17,68,1007),(730,2,1,'2016-05-09 07:01:04',17.1,65,1009.97),(731,2,2,'2016-05-09 07:01:05',19,NULL,NULL),(732,3,3,'2016-05-09 07:01:05',13,67,1020),(733,3,1,'2016-05-09 07:01:06',13.47,65,1028.85),(734,3,2,'2016-05-09 07:01:06',14,NULL,NULL),(735,4,3,'2016-05-09 07:01:07',15,67,1007),(736,4,1,'2016-05-09 07:01:07',16.9,48,1011.35),(737,4,2,'2016-05-09 07:01:08',16,NULL,NULL),(738,1,3,'2016-05-09 08:01:02',16,39,1024),(739,1,1,'2016-05-09 08:01:02',9.57,80,1018.72),(740,1,2,'2016-05-09 08:01:03',13,NULL,NULL),(741,2,3,'2016-05-09 08:01:03',16,77,1007),(742,2,1,'2016-05-09 08:01:03',17.1,65,1009.97),(743,2,2,'2016-05-09 08:01:04',18,NULL,NULL),(744,3,3,'2016-05-09 08:01:05',14,63,1020),(745,3,1,'2016-05-09 08:01:05',13.47,65,1028.85),(746,3,2,'2016-05-09 08:01:05',14,NULL,NULL),(747,4,3,'2016-05-09 08:01:06',15,67,1008),(748,4,1,'2016-05-09 08:01:06',17.45,52,1011.93),(749,4,2,'2016-05-09 08:01:07',16,NULL,NULL),(750,1,3,'2016-05-09 09:01:02',20,40,1024),(751,1,1,'2016-05-09 09:01:03',18.5,68,1019.06),(752,1,2,'2016-05-09 09:01:03',15,NULL,NULL),(753,2,3,'2016-05-09 09:01:04',16,77,1007),(754,2,1,'2016-05-09 09:01:04',15.2,89,1010.31),(755,2,2,'2016-05-09 09:01:05',18,NULL,NULL),(756,3,3,'2016-05-09 09:01:05',16,59,1020),(757,3,1,'2016-05-09 09:01:05',16.4,63,1029.19),(758,3,2,'2016-05-09 09:01:06',13,NULL,NULL),(759,4,3,'2016-05-09 09:01:07',17,63,1008),(760,4,1,'2016-05-09 09:01:07',17.45,52,1011.93),(761,4,2,'2016-05-09 09:01:07',14,NULL,NULL),(762,1,3,'2016-05-09 10:01:02',21,40,1024),(763,1,1,'2016-05-09 10:01:02',18.5,68,1019.06),(764,1,2,'2016-05-09 10:01:03',19,NULL,NULL),(765,2,3,'2016-05-09 10:01:03',17,77,1007),(766,2,1,'2016-05-09 10:01:03',15.2,89,1010.31),(767,2,2,'2016-05-09 10:01:04',19,NULL,NULL),(768,3,3,'2016-05-09 10:01:04',18,52,1021),(769,3,1,'2016-05-09 10:01:05',16.4,63,1029.19),(770,3,2,'2016-05-09 10:01:05',15,NULL,NULL),(771,4,3,'2016-05-09 10:01:06',16,68,1008),(772,4,1,'2016-05-09 10:01:06',17.45,52,1011.93),(773,4,2,'2016-05-09 10:01:07',16,NULL,NULL),(774,1,3,'2016-05-09 11:01:02',23,41,1024),(775,1,1,'2016-05-09 11:01:02',21.5,60,1019.34),(776,1,2,'2016-05-09 11:01:02',19,NULL,NULL),(777,2,3,'2016-05-09 11:01:03',17,72,1007),(778,2,1,'2016-05-09 11:01:03',16.65,78,1010.42),(779,2,2,'2016-05-09 11:01:04',18,NULL,NULL),(780,3,3,'2016-05-09 11:01:04',21,43,1021),(781,3,1,'2016-05-09 11:01:04',20.75,66,1028.9),(782,3,2,'2016-05-09 11:01:05',15,NULL,NULL),(783,4,3,'2016-05-09 11:01:05',18,64,1008),(784,4,1,'2016-05-09 11:01:06',18.8,60,1013.75),(785,4,2,'2016-05-09 11:01:06',16,NULL,NULL),(786,1,3,'2016-05-09 12:01:02',23,23,1024),(787,1,1,'2016-05-09 12:01:02',21.5,60,1019.34),(788,1,2,'2016-05-09 12:01:03',20,NULL,NULL),(789,2,3,'2016-05-09 12:01:03',18,73,1007),(790,2,1,'2016-05-09 12:01:03',16.65,78,1010.42),(791,2,2,'2016-05-09 12:01:04',18,NULL,NULL),(792,3,3,'2016-05-09 12:01:04',22,35,1021),(793,3,1,'2016-05-09 12:01:04',20.75,66,1028.9),(794,3,2,'2016-05-09 12:01:05',17,NULL,NULL),(795,4,3,'2016-05-09 12:01:06',20,56,1009),(796,4,1,'2016-05-09 12:01:06',18.8,60,1013.75),(797,4,2,'2016-05-09 12:01:06',16,NULL,NULL),(798,1,3,'2016-05-09 13:01:02',22,27,1024),(799,1,1,'2016-05-09 13:01:02',21.5,60,1019.34),(800,1,2,'2016-05-09 13:01:03',22,NULL,NULL),(801,2,3,'2016-05-09 13:01:03',19,68,1008),(802,2,1,'2016-05-09 13:01:04',16.65,78,1010.42),(803,2,2,'2016-05-09 13:01:04',19,NULL,NULL),(804,3,3,'2016-05-09 13:01:05',22,35,1020),(805,3,1,'2016-05-09 13:01:05',20.75,66,1028.9),(806,3,2,'2016-05-09 13:01:06',22,NULL,NULL),(807,4,3,'2016-05-09 13:01:06',21,56,1008),(808,4,1,'2016-05-09 13:01:06',18.8,60,1013.75),(809,4,2,'2016-05-09 13:01:07',20,NULL,NULL),(810,1,3,'2016-05-09 14:01:02',24,24,1024),(811,1,1,'2016-05-09 14:01:03',23.31,56,1017.71),(812,1,2,'2016-05-09 14:01:03',22,NULL,NULL),(813,2,3,'2016-05-09 14:01:04',19,68,1008),(814,2,1,'2016-05-09 14:01:04',21.26,49,1010.5),(815,2,2,'2016-05-09 14:01:05',19,NULL,NULL),(816,3,3,'2016-05-09 14:01:05',23,33,1020),(817,3,1,'2016-05-09 14:01:05',22.71,59,1028),(818,3,2,'2016-05-09 14:01:06',22,NULL,NULL),(819,4,3,'2016-05-09 14:01:07',23,50,1008),(820,4,1,'2016-05-09 14:01:07',21.46,52,1013.41),(821,4,2,'2016-05-09 14:01:07',20,NULL,NULL),(822,1,3,'2016-05-09 15:01:02',24,25,1024),(823,1,1,'2016-05-09 15:01:02',23.31,56,1017.71),(824,1,2,'2016-05-09 15:01:03',22,NULL,NULL),(825,2,3,'2016-05-09 15:01:03',19,68,1008),(826,2,1,'2016-05-09 15:01:03',21.26,49,1010.5),(827,2,2,'2016-05-09 15:01:04',19,NULL,NULL),(828,3,3,'2016-05-09 15:01:04',24,29,1019),(829,3,1,'2016-05-09 15:01:04',22.71,59,1028),(830,3,2,'2016-05-09 15:01:05',22,NULL,NULL),(831,4,3,'2016-05-09 15:01:06',24,44,1008),(832,4,1,'2016-05-09 15:01:06',21.46,52,1013.41),(833,4,2,'2016-05-09 15:01:07',21,NULL,NULL),(834,1,3,'2016-05-09 16:01:02',23,33,1023),(835,1,1,'2016-05-09 16:01:02',23.31,56,1017.71),(836,1,2,'2016-05-09 16:01:03',24,NULL,NULL),(837,2,3,'2016-05-09 16:01:03',20,64,1008),(838,2,1,'2016-05-09 16:01:04',21.26,49,1010.5),(839,2,2,'2016-05-09 16:01:04',20,NULL,NULL),(840,3,3,'2016-05-09 16:01:05',25,26,1019),(841,3,1,'2016-05-09 16:01:05',22.71,59,1028),(842,3,2,'2016-05-09 16:01:07',24,NULL,NULL),(843,4,3,'2016-05-09 16:01:08',24,41,1008),(844,4,1,'2016-05-09 16:01:08',21.46,52,1013.41),(845,4,2,'2016-05-09 16:01:09',23,NULL,NULL),(846,1,3,'2016-05-09 17:01:02',25,24,1023),(847,1,1,'2016-05-09 17:01:02',22.48,50,1017.14),(848,1,2,'2016-05-09 17:01:03',24,NULL,NULL),(849,2,3,'2016-05-09 17:01:04',19,68,1008),(850,2,1,'2016-05-09 17:01:04',22.13,49,1009.77),(851,2,2,'2016-05-09 17:01:05',20,NULL,NULL),(852,3,3,'2016-05-09 17:01:05',25,28,1018),(853,3,1,'2016-05-09 17:01:05',22.71,59,1028),(854,3,2,'2016-05-09 17:01:06',24,NULL,NULL),(855,4,3,'2016-05-09 17:01:07',23,44,1007),(856,4,1,'2016-05-09 17:01:07',21.98,48,1012.85),(857,4,2,'2016-05-09 17:01:07',23,NULL,NULL),(858,1,3,'2016-05-09 18:01:02',23,29,1022),(859,1,1,'2016-05-09 18:01:02',22.48,50,1017.14),(860,1,2,'2016-05-09 18:01:03',23,NULL,NULL),(861,2,3,'2016-05-09 18:01:04',19,68,1008),(862,2,1,'2016-05-09 18:01:04',22.13,49,1009.77),(863,2,2,'2016-05-09 18:01:04',20,NULL,NULL),(864,3,3,'2016-05-09 18:01:05',25,26,1018),(865,3,1,'2016-05-09 18:01:05',22.88,50,1027.03),(866,3,2,'2016-05-09 18:01:06',25,NULL,NULL),(867,4,3,'2016-05-09 18:01:06',22,46,1007),(868,4,1,'2016-05-09 18:01:06',21.98,48,1012.85),(869,4,2,'2016-05-09 18:01:07',23,NULL,NULL),(870,1,3,'2016-05-09 19:01:02',23,33,1022),(871,1,1,'2016-05-09 19:01:02',22.48,50,1017.14),(872,1,2,'2016-05-09 19:01:03',26,NULL,NULL),(873,2,3,'2016-05-09 19:01:04',19,68,1008),(874,2,1,'2016-05-09 19:01:04',22.13,49,1009.77),(875,2,2,'2016-05-09 19:01:04',20,NULL,NULL),(876,3,3,'2016-05-09 19:01:05',25,26,1018),(877,3,1,'2016-05-09 19:01:05',22.88,50,1027.03),(878,3,2,'2016-05-09 19:01:06',25,NULL,NULL),(879,4,3,'2016-05-09 19:01:06',21,53,1007),(880,4,1,'2016-05-09 19:01:06',21.98,48,1012.85),(881,4,2,'2016-05-09 19:01:07',22,NULL,NULL),(882,1,3,'2016-05-09 20:01:03',21,38,1022),(883,1,1,'2016-05-09 20:01:03',21,37,1022),(884,1,2,'2016-05-09 20:01:04',23,NULL,NULL),(885,2,3,'2016-05-09 20:01:04',19,73,1008),(886,2,1,'2016-05-09 20:01:04',20.63,52,1009.67),(887,2,2,'2016-05-09 20:01:05',20,NULL,NULL),(888,3,3,'2016-05-09 20:01:06',24,29,1017),(889,3,1,'2016-05-09 20:01:06',21.03,47,1026.78),(890,3,2,'2016-05-09 20:01:06',25,NULL,NULL),(891,4,3,'2016-05-09 20:01:07',18,77,1008),(892,4,1,'2016-05-09 20:01:08',21.03,47,1012.59),(893,4,2,'2016-05-09 20:01:09',23,NULL,NULL),(894,1,3,'2016-05-09 21:01:01',19,40,1022),(895,1,1,'2016-05-09 21:01:02',18.38,54,1016.97),(896,1,2,'2016-05-09 21:01:02',23,NULL,NULL),(897,2,3,'2016-05-09 21:01:03',19,68,1008),(898,2,1,'2016-05-09 21:01:03',20.63,52,1009.67),(899,2,2,'2016-05-09 21:01:04',20,NULL,NULL),(900,3,3,'2016-05-09 21:01:04',23,29,1018),(901,3,1,'2016-05-09 21:01:04',21.03,47,1026.78),(902,3,2,'2016-05-09 21:01:05',25,NULL,NULL),(903,4,3,'2016-05-09 21:01:05',18,77,1008),(904,4,1,'2016-05-09 21:01:06',21.03,47,1012.59),(905,4,2,'2016-05-09 21:01:06',22,NULL,NULL),(906,1,3,'2016-05-09 22:01:02',17,45,1023),(907,1,1,'2016-05-09 22:01:02',18.38,54,1016.97),(908,1,2,'2016-05-09 22:01:03',22,NULL,NULL),(909,2,3,'2016-05-09 22:01:04',17,82,1008),(910,2,1,'2016-05-09 22:01:04',20.63,52,1009.67),(911,2,2,'2016-05-09 22:01:04',20,NULL,NULL),(912,3,3,'2016-05-09 22:01:05',22,33,1018),(913,3,1,'2016-05-09 22:01:05',21.03,47,1026.78),(914,3,2,'2016-05-09 22:01:06',24,NULL,NULL),(915,4,3,'2016-05-09 22:01:06',17,88,1008),(916,4,1,'2016-05-09 22:01:07',21.03,47,1012.59),(917,4,2,'2016-05-09 22:01:07',18,NULL,NULL),(918,1,3,'2016-05-09 23:01:03',16,52,1023),(919,1,1,'2016-05-09 23:01:03',13.75,73,1017.51),(920,1,2,'2016-05-09 23:01:04',20,NULL,NULL),(921,2,3,'2016-05-09 23:01:05',16,94,1009),(922,2,1,'2016-05-09 23:01:05',16.1,93,1010.86),(923,2,2,'2016-05-09 23:01:07',18,NULL,NULL),(924,3,3,'2016-05-09 23:01:07',21,35,1019),(925,3,1,'2016-05-09 23:01:07',17.8,50,1027.39),(926,3,2,'2016-05-09 23:01:10',23,NULL,NULL),(927,4,3,'2016-05-09 23:01:10',17,88,1008),(928,4,1,'2016-05-09 23:01:10',20.05,49,1012.88),(929,4,2,'2016-05-09 23:01:11',17,NULL,NULL),(930,1,3,'2016-05-10 00:01:03',14,59,1023),(931,1,1,'2016-05-10 00:01:03',13.75,73,1017.51),(932,1,2,'2016-05-10 00:01:04',18,NULL,NULL),(933,2,3,'2016-05-10 00:01:05',15,100,1009),(934,2,1,'2016-05-10 00:01:05',16.1,93,1010.86),(935,2,2,'2016-05-10 00:01:06',18,NULL,NULL),(936,3,3,'2016-05-10 00:01:06',19,46,1019),(937,3,1,'2016-05-10 00:01:06',17.8,50,1027.39),(938,3,2,'2016-05-10 00:01:07',22,NULL,NULL),(939,4,3,'2016-05-10 00:01:07',17,82,1009),(940,4,1,'2016-05-10 00:01:07',20.05,49,1012.88),(941,4,2,'2016-05-10 00:01:08',17,NULL,NULL),(942,1,3,'2016-05-10 01:01:02',12,72,1023),(943,1,1,'2016-05-10 01:01:02',13.75,73,1017.51),(944,1,2,'2016-05-10 01:01:03',18,NULL,NULL),(945,2,3,'2016-05-10 01:01:03',15,100,1008),(946,2,1,'2016-05-10 01:01:03',16.1,93,1010.86),(947,2,2,'2016-05-10 01:01:05',16,NULL,NULL),(948,3,3,'2016-05-10 01:01:06',18,49,1019),(949,3,1,'2016-05-10 01:01:06',17.8,50,1027.39),(950,3,2,'2016-05-10 01:01:07',21,NULL,NULL),(951,4,3,'2016-05-10 01:01:07',17,88,1009),(952,4,1,'2016-05-10 01:01:07',20.05,49,1012.88),(953,4,2,'2016-05-10 01:01:08',17,NULL,NULL),(954,1,3,'2016-05-10 02:01:01',12,72,1023),(955,1,1,'2016-05-10 02:01:01',11.93,78,1017.19),(956,1,2,'2016-05-10 02:01:02',16,NULL,NULL),(957,2,3,'2016-05-10 02:01:03',15,100,1008),(958,2,1,'2016-05-10 02:01:03',15.55,98,1010.14),(959,2,2,'2016-05-10 02:01:03',16,NULL,NULL),(960,3,3,'2016-05-10 02:01:04',16,55,1019),(961,3,1,'2016-05-10 02:01:04',17.8,50,1027.39),(962,3,2,'2016-05-10 02:01:05',20,NULL,NULL),(963,4,3,'2016-05-10 02:01:05',16,88,1009),(964,4,1,'2016-05-10 02:01:05',20.05,49,1012.88),(965,4,2,'2016-05-10 02:01:06',16,NULL,NULL),(966,1,3,'2016-05-10 03:01:02',9,82,1023),(967,1,1,'2016-05-10 03:01:02',11.93,78,1017.19),(968,1,2,'2016-05-10 03:01:03',15,NULL,NULL),(969,2,3,'2016-05-10 03:01:03',15,100,1008),(970,2,1,'2016-05-10 03:01:03',15.55,98,1010.14),(971,2,2,'2016-05-10 03:01:04',16,NULL,NULL),(972,3,3,'2016-05-10 03:01:04',16,55,1019),(973,3,1,'2016-05-10 03:01:05',15.33,61,1027.08),(974,3,2,'2016-05-10 03:01:05',18,NULL,NULL),(975,4,3,'2016-05-10 03:01:06',16,88,1008),(976,4,1,'2016-05-10 03:01:06',18.95,57,1012.41),(977,4,2,'2016-05-10 03:01:06',17,NULL,NULL),(978,1,3,'2016-05-10 04:01:02',11,76,1023),(979,1,1,'2016-05-10 04:01:02',11.93,78,1017.19),(980,1,2,'2016-05-10 04:01:03',14,NULL,NULL),(981,2,3,'2016-05-10 04:01:03',15,100,1007),(982,2,1,'2016-05-10 04:01:03',15.55,98,1010.14),(983,2,2,'2016-05-10 04:01:04',16,NULL,NULL),(984,3,3,'2016-05-10 04:01:04',15,63,1018),(985,3,1,'2016-05-10 04:01:05',15.33,61,1027.08),(986,3,2,'2016-05-10 04:01:11',16,NULL,NULL),(987,4,3,'2016-05-10 04:01:11',16,88,1008),(988,4,1,'2016-05-10 04:01:11',18.95,57,1012.41),(989,4,2,'2016-05-10 04:01:12',17,NULL,NULL),(990,1,3,'2016-05-10 05:01:02',10,82,1022),(991,1,1,'2016-05-10 05:01:02',11.93,78,1017.19),(992,1,2,'2016-05-10 05:01:03',11,NULL,NULL),(993,2,3,'2016-05-10 05:01:03',15,94,1007),(994,2,1,'2016-05-10 05:01:03',15.26,97,1008.69),(995,2,2,'2016-05-10 05:01:04',15,NULL,NULL),(996,3,3,'2016-05-10 05:01:04',14,67,1018),(997,3,1,'2016-05-10 05:01:04',13.49,69,1026.36),(998,3,2,'2016-05-10 05:01:05',16,NULL,NULL),(999,4,3,'2016-05-10 05:01:06',16,88,1008),(1000,4,1,'2016-05-10 05:01:06',17.58,60,1011.12),(1001,4,2,'2016-05-10 05:01:06',17,NULL,NULL),(1002,1,3,'2016-05-10 06:01:01',9,87,1022),(1003,1,1,'2016-05-10 06:01:02',11.54,78,1016.55),(1004,1,2,'2016-05-10 06:01:02',13,NULL,NULL),(1005,2,3,'2016-05-10 06:01:03',14,100,1006),(1006,2,1,'2016-05-10 06:01:03',15.26,97,1008.69),(1007,2,2,'2016-05-10 06:01:04',15,NULL,NULL),(1008,3,3,'2016-05-10 06:01:04',13,72,1018),(1009,3,1,'2016-05-10 06:01:04',13.49,69,1026.36),(1010,3,2,'2016-05-10 06:01:05',15,NULL,NULL),(1011,4,3,'2016-05-10 06:01:05',16,88,1007),(1012,4,1,'2016-05-10 06:01:06',17.58,60,1011.12),(1013,4,2,'2016-05-10 06:01:06',16,NULL,NULL),(1014,1,3,'2016-05-10 07:01:01',11,82,1022),(1015,1,1,'2016-05-10 07:01:01',11.54,78,1016.55),(1016,1,2,'2016-05-10 07:01:02',11,NULL,NULL),(1017,2,3,'2016-05-10 07:01:03',14,100,1006),(1018,2,1,'2016-05-10 07:01:03',15.26,97,1008.69),(1019,2,2,'2016-05-10 07:01:03',15,NULL,NULL),(1020,3,3,'2016-05-10 07:01:04',13,72,1018),(1021,3,1,'2016-05-10 07:01:04',13.49,69,1026.36),(1022,3,2,'2016-05-10 07:01:05',13,NULL,NULL),(1023,4,3,'2016-05-10 07:01:05',16,88,1007),(1024,4,1,'2016-05-10 07:01:05',17.58,60,1011.12),(1025,4,2,'2016-05-10 07:01:06',16,NULL,NULL),(1026,1,3,'2016-05-10 08:01:02',14,67,1022),(1027,1,1,'2016-05-10 08:01:02',19.54,68,1016.38),(1028,1,2,'2016-05-10 08:01:03',12,NULL,NULL),(1029,2,3,'2016-05-10 08:01:03',14,100,1005),(1030,2,1,'2016-05-10 08:01:04',15.09,98,1008.04),(1031,2,2,'2016-05-10 08:01:04',15,NULL,NULL),(1032,3,3,'2016-05-10 08:01:05',14,72,1017),(1033,3,1,'2016-05-10 08:01:05',16.19,65,1026.11),(1034,3,2,'2016-05-10 08:01:06',12,NULL,NULL),(1035,4,3,'2016-05-10 08:01:06',16,88,1006),(1036,4,1,'2016-05-10 08:01:06',17.24,66,1010.71),(1037,4,2,'2016-05-10 08:01:07',16,NULL,NULL),(1038,1,3,'2016-05-10 09:01:02',17,59,1022),(1039,1,1,'2016-05-10 09:01:02',19.54,68,1016.38),(1040,1,2,'2016-05-10 09:01:03',13,NULL,NULL),(1041,2,3,'2016-05-10 09:01:03',15,94,1005),(1042,2,1,'2016-05-10 09:01:03',15.09,98,1008.04),(1043,2,2,'2016-05-10 09:01:04',15,NULL,NULL),(1044,3,3,'2016-05-10 09:01:05',17,55,1017),(1045,3,1,'2016-05-10 09:01:05',16.19,65,1026.11),(1046,3,2,'2016-05-10 09:01:05',13,NULL,NULL),(1047,4,3,'2016-05-10 09:01:06',15,94,1006),(1048,4,1,'2016-05-10 09:01:07',17.24,66,1010.71),(1049,4,2,'2016-05-10 09:01:08',15,NULL,NULL),(1050,1,3,'2016-05-10 10:01:02',20,49,1022),(1051,1,1,'2016-05-10 10:01:02',19.54,68,1016.38),(1052,1,2,'2016-05-10 10:01:03',13,NULL,NULL),(1053,2,3,'2016-05-10 10:01:03',15,100,1006),(1054,2,1,'2016-05-10 10:01:03',15.09,98,1008.04),(1055,2,2,'2016-05-10 10:01:04',15,NULL,NULL),(1056,3,3,'2016-05-10 10:01:05',18,52,1017),(1057,3,1,'2016-05-10 10:01:06',16.19,65,1026.11),(1058,3,2,'2016-05-10 10:01:06',13,NULL,NULL),(1059,4,3,'2016-05-10 10:01:07',15,94,1006),(1060,4,1,'2016-05-10 10:01:07',17.24,66,1010.71),(1061,4,2,'2016-05-10 10:01:08',15,NULL,NULL),(1062,1,3,'2016-05-10 11:01:02',22,41,1022),(1063,1,1,'2016-05-10 11:01:02',19.54,68,1016.38),(1064,1,2,'2016-05-10 11:01:03',16,NULL,NULL),(1065,2,3,'2016-05-10 11:01:03',15,94,1006),(1066,2,1,'2016-05-10 11:01:03',15.79,99,1008.4),(1067,2,2,'2016-05-10 11:01:04',15,NULL,NULL),(1068,3,3,'2016-05-10 11:01:04',19,46,1017),(1069,3,1,'2016-05-10 11:01:05',16.19,65,1026.11),(1070,3,2,'2016-05-10 11:01:05',16,NULL,NULL),(1071,4,3,'2016-05-10 11:01:06',16,88,1006),(1072,4,1,'2016-05-10 11:01:06',17.09,86,1010.67),(1073,4,2,'2016-05-10 11:01:07',15,NULL,NULL);
/*!40000 ALTER TABLE `temperatures` ENABLE KEYS */;
UNLOCK TABLES;

--
-- Table structure for table `users`
--

DROP TABLE IF EXISTS `users`;
/*!40101 SET @saved_cs_client     = @@character_set_client */;
/*!40101 SET character_set_client = utf8 */;
CREATE TABLE `users` (
  `id` int(11) NOT NULL AUTO_INCREMENT,
  `username` varchar(255) COLLATE utf8_unicode_ci NOT NULL,
  `username_canonical` varchar(255) COLLATE utf8_unicode_ci NOT NULL,
  `email` varchar(255) COLLATE utf8_unicode_ci NOT NULL,
  `email_canonical` varchar(255) COLLATE utf8_unicode_ci NOT NULL,
  `enabled` tinyint(1) NOT NULL,
  `salt` varchar(255) COLLATE utf8_unicode_ci NOT NULL,
  `password` varchar(255) COLLATE utf8_unicode_ci NOT NULL,
  `last_login` datetime DEFAULT NULL,
  `locked` tinyint(1) NOT NULL,
  `expired` tinyint(1) NOT NULL,
  `expires_at` datetime DEFAULT NULL,
  `confirmation_token` varchar(255) COLLATE utf8_unicode_ci DEFAULT NULL,
  `password_requested_at` datetime DEFAULT NULL,
  `roles` longtext COLLATE utf8_unicode_ci NOT NULL COMMENT '(DC2Type:array)',
  `credentials_expired` tinyint(1) NOT NULL,
  `credentials_expire_at` datetime DEFAULT NULL,
  `register_date` datetime NOT NULL,
  `subscribe` tinyint(1) DEFAULT NULL,
  `api` varchar(50) COLLATE utf8_unicode_ci DEFAULT NULL,
  PRIMARY KEY (`id`),
  UNIQUE KEY `UNIQ_1483A5E992FC23A8` (`username_canonical`),
  UNIQUE KEY `UNIQ_1483A5E9A0D96FBF` (`email_canonical`)
) ENGINE=InnoDB AUTO_INCREMENT=7 DEFAULT CHARSET=utf8 COLLATE=utf8_unicode_ci;
/*!40101 SET character_set_client = @saved_cs_client */;

--
-- Dumping data for table `users`
--

LOCK TABLES `users` WRITE;
/*!40000 ALTER TABLE `users` DISABLE KEYS */;
INSERT INTO `users` VALUES (1,'vip@contact.lt','vip@contact.lt','vip@contact.lt','vip@contact.lt',1,'n8ld5vco2c0c4ow84000swksc0gcgck','$2y$13$n8ld5vco2c0c4ow84000suRfDYBlHZmYsbzSv8gX8eQc5ExrARdhy','2016-05-09 23:48:06',0,0,NULL,NULL,NULL,'a:1:{i:0;s:10:\"ROLE_ADMIN\";}',0,NULL,'2016-05-04 06:12:47',1,NULL),(2,'info@contact.lt','info@contact.lt','info@contact.lt','info@contact.lt',1,'irkg49a3ft44s004ck44so88go8c8o0','$2y$13$irkg49a3ft44s004ck44seSuHyh9oNq9NQZFpJwVUon27sgSJuy2.',NULL,0,0,NULL,NULL,NULL,'a:0:{}',0,NULL,'2016-05-04 06:12:47',0,'AdvWeatherAPI_5729cb1fe3486'),(6,'renatas.narmontas@gmail.com','renatas.narmontas@gmail.com','renatas.narmontas@gmail.com','renatas.narmontas@gmail.com',1,'yccgf1cwhyososggc0sg0gkcoo4wc4','$2y$13$yccgf1cwhyososggc0sg0eXbC8GBKc92fgWIBOcBxdx.PVnPINowG','2016-05-09 21:12:51',0,0,NULL,'Jo_yuU4hUXf165xaj6765587en4hUw19lnlU668LSiE',NULL,'a:0:{}',0,NULL,'2016-05-07 21:12:25',1,'secretapi');
/*!40000 ALTER TABLE `users` ENABLE KEYS */;
UNLOCK TABLES;
/*!40103 SET TIME_ZONE=@OLD_TIME_ZONE */;

/*!40101 SET SQL_MODE=@OLD_SQL_MODE */;
/*!40014 SET FOREIGN_KEY_CHECKS=@OLD_FOREIGN_KEY_CHECKS */;
/*!40014 SET UNIQUE_CHECKS=@OLD_UNIQUE_CHECKS */;
/*!40101 SET CHARACTER_SET_CLIENT=@OLD_CHARACTER_SET_CLIENT */;
/*!40101 SET CHARACTER_SET_RESULTS=@OLD_CHARACTER_SET_RESULTS */;
/*!40101 SET COLLATION_CONNECTION=@OLD_COLLATION_CONNECTION */;
/*!40111 SET SQL_NOTES=@OLD_SQL_NOTES */;

-- Dump completed on 2016-05-10  4:01:59
