269,2,2016-05-01,1,1,17,8,NULL,NULL,NULL,-3,NULL,NULL
279,2,2016-05-01,1,2,16,6,NULL,NULL,NULL,-4,NULL,NULL
289,2,2016-05-01,1,3,15,8,NULL,NULL,NULL,0,NULL,NULL
299,2,2016-05-01,1,4,17,6,NULL,NULL,NULL,-6,NULL,NULL
264,3,2016-05-01,1,1,18,14,NULL,64,NULL,1.6999999999999993,-11,NULL
274,3,2016-05-01,1,2,18,9,NULL,53,NULL,1,-9,NULL
284,3,2016-05-01,1,3,16,6,NULL,74,NULL,-2,-19,NULL
294,3,2016-05-01,1,4,19,8,NULL,53,NULL,-3,9,NULL
1386,4,2016-05-01,1,1,17.5,11,NULL,64,NULL,NULL,NULL,NULL
1471,4,2016-05-01,1,2,17,7.5,NULL,53,NULL,NULL,NULL,NULL
1521,4,2016-05-01,1,3,15.5,7,NULL,74,NULL,NULL,NULL,NULL
1571,4,2016-05-01,1,4,18,7,NULL,53,NULL,NULL,NULL,NULL
270,2,2016-05-01,2,1,22,11,-11,NULL,NULL,NULL,NULL,NULL
280,2,2016-05-01,2,2,15,8,-6,NULL,NULL,NULL,NULL,NULL
290,2,2016-05-01,2,3,15,7,-6,NULL,NULL,NULL,NULL,NULL
300,2,2016-05-01,2,4,17,8,-10,NULL,NULL,NULL,NULL,NULL
265,3,2016-05-01,2,1,25,12,-12.600000000000001,51,NULL,NULL,10,NULL
275,3,2016-05-01,2,2,16,5,-10,56,NULL,NULL,11,NULL
285,3,2016-05-01,2,3,17,7,-10,70,NULL,NULL,22,NULL
295,3,2016-05-01,2,4,18,7,-12,54,NULL,NULL,24,NULL
1387,4,2016-05-01,2,1,23.5,11.5,NULL,51,NULL,NULL,NULL,NULL
1472,4,2016-05-01,2,2,15.5,6.5,NULL,56,NULL,NULL,NULL,NULL
1522,4,2016-05-01,2,3,16,7,NULL,70,NULL,NULL,NULL,NULL
1572,4,2016-05-01,2,4,17.5,7.5,NULL,54,NULL,NULL,NULL,NULL
271,2,2016-05-01,3,1,21,10,-6,NULL,NULL,NULL,NULL,NULL
281,2,2016-05-01,3,2,16,5,-2,NULL,NULL,NULL,NULL,NULL
291,2,2016-05-01,3,3,16,8,-1,NULL,NULL,NULL,NULL,NULL
301,2,2016-05-01,3,4,15,7,0,NULL,NULL,NULL,NULL,NULL
266,3,2016-05-01,3,1,22,12,-8.3,50,NULL,NULL,0,NULL
276,3,2016-05-01,3,2,18,7,-4,55,NULL,NULL,-3,NULL
286,3,2016-05-01,3,3,19,7,-9,66,NULL,NULL,7,NULL
296,3,2016-05-01,3,4,16,4,-4,62,NULL,NULL,-19,NULL
1388,4,2016-05-01,3,1,21.5,11,NULL,50,NULL,NULL,NULL,NULL
1473,4,2016-05-01,3,2,17,6,NULL,55,NULL,NULL,NULL,NULL
1523,4,2016-05-01,3,3,17.5,7.5,NULL,66,NULL,NULL,NULL,NULL
1573,4,2016-05-01,3,4,15.5,5.5,NULL,62,NULL,NULL,NULL,NULL
272,2,2016-05-01,4,1,23,10,-2,NULL,NULL,-7,NULL,NULL
282,2,2016-05-01,4,2,20,6,-4,NULL,NULL,-12,NULL,NULL
292,2,2016-05-01,4,3,16,7,-4,NULL,NULL,-9,NULL,NULL
302,2,2016-05-01,4,4,17,5,-5,NULL,NULL,-13,NULL,NULL
267,3,2016-05-01,4,1,23,12,-7,53,NULL,-1,-10.666666666666666,NULL
277,3,2016-05-01,4,2,21,10,0,52,NULL,-5,0.6666666666666666,NULL
287,3,2016-05-01,4,3,17,7,-8,66,NULL,-6,12.333333333333334,NULL
297,3,2016-05-01,4,4,19,7,-5,51,NULL,-8,0,NULL
1389,4,2016-05-01,4,1,23,11,NULL,53,NULL,NULL,NULL,NULL
1474,4,2016-05-01,4,2,20.5,8,NULL,52,NULL,NULL,NULL,NULL
1524,4,2016-05-01,4,3,16.5,7,NULL,66,NULL,NULL,NULL,NULL
1574,4,2016-05-01,4,4,18,6,NULL,51,NULL,NULL,NULL,NULL
273,2,2016-05-01,5,1,22,8,-12.333333333333334,NULL,NULL,-10.5,NULL,NULL
283,2,2016-05-01,5,2,21,9,-12,NULL,NULL,-13,NULL,NULL
293,2,2016-05-01,5,3,16,6,-12.444444444444445,NULL,NULL,-10,NULL,NULL
303,2,2016-05-01,5,4,19,7,-13.88888888888889,NULL,NULL,-13.5,NULL,NULL
268,3,2016-05-01,5,1,23,13,-9.555555555555557,55,NULL,-7.300000000000001,14.363636363636363,NULL
278,3,2016-05-01,5,2,23,12,-10,59,NULL,-8.5,21.545454545454547,NULL
288,3,2016-05-01,5,3,18,8,-11.666666666666666,57,NULL,-7,19.545454545454547,NULL
298,3,2016-05-01,5,4,21,10,-12.333333333333334,56,NULL,-10,26.90909090909091,NULL
1390,4,2016-05-01,5,1,22.5,10.5,NULL,55,NULL,NULL,NULL,NULL
1475,4,2016-05-01,5,2,22,10.5,NULL,59,NULL,NULL,NULL,NULL
1525,4,2016-05-01,5,3,17,7,NULL,57,NULL,NULL,NULL,NULL
1575,4,2016-05-01,5,4,20,8.5,NULL,56,NULL,NULL,NULL,NULL
363,2,2016-05-02,1,1,22,11,-11,NULL,NULL,NULL,NULL,NULL
373,2,2016-05-02,1,2,15,8,-6,NULL,NULL,NULL,NULL,NULL
383,2,2016-05-02,1,3,15,7,-6,NULL,NULL,NULL,NULL,NULL
393,2,2016-05-02,1,4,17,8,-10,NULL,NULL,NULL,NULL,NULL
358,3,2016-05-02,1,1,25,12,-12.600000000000001,50,NULL,NULL,9,NULL
368,3,2016-05-02,1,2,16,5,-10,56,NULL,NULL,11,NULL
378,3,2016-05-02,1,3,15,7,-10,73,NULL,NULL,25,NULL
388,3,2016-05-02,1,4,18,7,-12,54,NULL,NULL,24,NULL
1391,4,2016-05-02,1,1,23.5,11.5,NULL,50,NULL,NULL,NULL,NULL
1476,4,2016-05-02,1,2,15.5,6.5,NULL,56,NULL,NULL,NULL,NULL
1526,4,2016-05-02,1,3,15,7,NULL,73,NULL,NULL,NULL,NULL
1576,4,2016-05-02,1,4,17.5,7.5,NULL,54,NULL,NULL,NULL,NULL
364,2,2016-05-02,2,1,21,10,-6,NULL,NULL,NULL,NULL,NULL
374,2,2016-05-02,2,2,16,5,-2,NULL,NULL,NULL,NULL,NULL
384,2,2016-05-02,2,3,16,8,-1,NULL,NULL,NULL,NULL,NULL
394,2,2016-05-02,2,4,15,7,0,NULL,NULL,NULL,NULL,NULL
359,3,2016-05-02,2,1,22,12,-8.3,50,NULL,NULL,0,NULL
369,3,2016-05-02,2,2,18,7,-4,55,NULL,NULL,-3,NULL
379,3,2016-05-02,2,3,18,7,-9,68,NULL,NULL,9,NULL
389,3,2016-05-02,2,4,16,4,-4,61,NULL,NULL,-20,NULL
1392,4,2016-05-02,2,1,21.5,11,NULL,50,NULL,NULL,NULL,NULL
1477,4,2016-05-02,2,2,17,6,NULL,55,NULL,NULL,NULL,NULL
1527,4,2016-05-02,2,3,17,7.5,NULL,68,NULL,NULL,NULL,NULL
1577,4,2016-05-02,2,4,15.5,5.5,NULL,61,NULL,NULL,NULL,NULL
365,2,2016-05-02,3,1,23,10,-2,NULL,NULL,-7,NULL,NULL
375,2,2016-05-02,3,2,20,6,-4,NULL,NULL,-12,NULL,NULL
385,2,2016-05-02,3,3,16,7,-4,NULL,NULL,-9,NULL,NULL
395,2,2016-05-02,3,4,17,5,-5,NULL,NULL,-13,NULL,NULL
360,3,2016-05-02,3,1,23,12,-7,53,NULL,-1,-10.666666666666666,NULL
370,3,2016-05-02,3,2,21,9,-1,52,NULL,-6,0.6666666666666666,NULL
380,3,2016-05-02,3,3,17,7,-8,66,NULL,-6,12.333333333333334,NULL
390,3,2016-05-02,3,4,18,6,-6,50,NULL,-9,-1,NULL
1393,4,2016-05-02,3,1,23,11,NULL,53,NULL,NULL,NULL,NULL
1478,4,2016-05-02,3,2,20.5,7.5,NULL,52,NULL,NULL,NULL,NULL
1528,4,2016-05-02,3,3,16.5,7,NULL,66,NULL,NULL,NULL,NULL
1578,4,2016-05-02,3,4,17.5,5.5,NULL,50,NULL,NULL,NULL,NULL
366,2,2016-05-02,4,1,22,8,-12.333333333333334,NULL,NULL,-10.5,NULL,NULL
376,2,2016-05-02,4,2,21,9,-12,NULL,NULL,-13,NULL,NULL
386,2,2016-05-02,4,3,16,6,-12.444444444444445,NULL,NULL,-10,NULL,NULL
396,2,2016-05-02,4,4,19,7,-13.88888888888889,NULL,NULL,-13.5,NULL,NULL
361,3,2016-05-02,4,1,23,13,-9.555555555555557,53,NULL,-7.300000000000001,12.363636363636363,NULL
371,3,2016-05-02,4,2,24,12,-10,60,NULL,-8.5,22.545454545454547,NULL
381,3,2016-05-02,4,3,18,8,-11.666666666666666,57,NULL,-7,19.545454545454547,NULL
391,3,2016-05-02,4,4,22,10,-12.333333333333334,55,NULL,-10,25.90909090909091,NULL
1394,4,2016-05-02,4,1,22.5,10.5,NULL,53,NULL,NULL,NULL,NULL
1479,4,2016-05-02,4,2,22.5,10.5,NULL,60,NULL,NULL,NULL,NULL
1529,4,2016-05-02,4,3,17,7,NULL,57,NULL,NULL,NULL,NULL
1579,4,2016-05-02,4,4,20.5,8.5,NULL,55,NULL,NULL,NULL,NULL
367,2,2016-05-02,5,1,22,11,-10.545454545454545,NULL,NULL,-8,NULL,NULL
377,2,2016-05-02,5,2,20,11,-9.363636363636363,NULL,NULL,-9.857142857142858,NULL,NULL
387,2,2016-05-02,5,3,16,7,-13.909090909090908,NULL,NULL,-9.428571428571429,NULL,NULL
397,2,2016-05-02,5,4,20,11,-12.181818181818182,NULL,NULL,-8.714285714285714,NULL,NULL
362,3,2016-05-02,5,1,23,14,-9.090909090909092,58,NULL,-5.357142857142857,7.222222222222222,NULL
372,3,2016-05-02,5,2,23,13,-8.181818181818182,57,NULL,-5.428571428571429,11.333333333333334,NULL
382,3,2016-05-02,5,3,19,9,-12.181818181818182,59,NULL,-5.428571428571429,19.333333333333332,NULL
392,3,2016-05-02,5,4,22,11,-12.909090909090908,49,NULL,-7.571428571428571,20,NULL
1395,4,2016-05-02,5,1,22.5,12.5,NULL,58,NULL,NULL,NULL,NULL
1480,4,2016-05-02,5,2,21.5,12,NULL,57,NULL,NULL,NULL,NULL
1530,4,2016-05-02,5,3,17.5,8,NULL,59,NULL,NULL,NULL,NULL
1580,4,2016-05-02,5,4,21,11,NULL,49,NULL,NULL,NULL,NULL
413,2,2016-05-03,1,1,22,12,-4,NULL,NULL,NULL,NULL,NULL
423,2,2016-05-03,1,2,17,6,-1,NULL,NULL,NULL,NULL,NULL
433,2,2016-05-03,1,3,17,8,-1,NULL,NULL,NULL,NULL,NULL
443,2,2016-05-03,1,4,14,7,0,NULL,NULL,NULL,NULL,NULL
408,3,2016-05-03,1,1,25,12,-8.3,49,NULL,NULL,-1,NULL
418,3,2016-05-03,1,2,19,7,-4,52,NULL,NULL,-6,NULL
428,3,2016-05-03,1,3,18,7,-9,71,NULL,NULL,12,NULL
438,3,2016-05-03,1,4,16,4,-4,53,NULL,NULL,-28,NULL
1396,4,2016-05-03,1,1,23.5,12,NULL,49,NULL,NULL,NULL,NULL
1481,4,2016-05-03,1,2,18,6.5,NULL,52,NULL,NULL,NULL,NULL
1531,4,2016-05-03,1,3,17.5,7.5,NULL,71,NULL,NULL,NULL,NULL
1581,4,2016-05-03,1,4,15,5.5,NULL,53,NULL,NULL,NULL,NULL
414,2,2016-05-03,2,1,22,9,-3,NULL,NULL,-8,NULL,NULL
424,2,2016-05-03,2,2,19,6,-4,NULL,NULL,-12,NULL,NULL
434,2,2016-05-03,2,3,16,8,-3,NULL,NULL,-8,NULL,NULL
444,2,2016-05-03,2,4,18,5,-5,NULL,NULL,-13,NULL,NULL
409,3,2016-05-03,2,1,23,12,-7,51,NULL,-1,-12.666666666666666,NULL
419,3,2016-05-03,2,2,20,9,-1,47,NULL,-6,-4.333333333333333,NULL
429,3,2016-05-03,2,3,18,7,-8,62,NULL,-6,8.333333333333334,NULL
439,3,2016-05-03,2,4,19,8,-4,50,NULL,-7,-1,NULL
1397,4,2016-05-03,2,1,22.5,10.5,NULL,51,NULL,NULL,NULL,NULL
1482,4,2016-05-03,2,2,19.5,7.5,NULL,47,NULL,NULL,NULL,NULL
1532,4,2016-05-03,2,3,17,7.5,NULL,62,NULL,NULL,NULL,NULL
1582,4,2016-05-03,2,4,18.5,6.5,NULL,50,NULL,NULL,NULL,NULL
415,2,2016-05-03,3,1,22,9,-11.333333333333334,NULL,NULL,-9.5,NULL,NULL
425,2,2016-05-03,3,2,22,9,-12,NULL,NULL,-13,NULL,NULL
435,2,2016-05-03,3,3,16,7,-11.444444444444445,NULL,NULL,-9,NULL,NULL
445,2,2016-05-03,3,4,20,8,-12.88888888888889,NULL,NULL,-12.5,NULL,NULL
410,3,2016-05-03,3,1,23,13,-9.555555555555557,55,NULL,-7.300000000000001,14.363636363636363,NULL
420,3,2016-05-03,3,2,23,13,-9,55,NULL,-7.5,17.545454545454547,NULL
430,3,2016-05-03,3,3,18,7,-12.666666666666666,58,NULL,-8,20.545454545454547,NULL
440,3,2016-05-03,3,4,23,10,-12.333333333333334,52,NULL,-10,22.90909090909091,NULL
1398,4,2016-05-03,3,1,22.5,11,NULL,55,NULL,NULL,NULL,NULL
1483,4,2016-05-03,3,2,22.5,11,NULL,55,NULL,NULL,NULL,NULL
1533,4,2016-05-03,3,3,17,7,NULL,58,NULL,NULL,NULL,NULL
1583,4,2016-05-03,3,4,21.5,9,NULL,52,NULL,NULL,NULL,NULL
416,2,2016-05-03,4,1,22,10,-11.545454545454545,NULL,NULL,-9,NULL,NULL
426,2,2016-05-03,4,2,22,12,-8.363636363636363,NULL,NULL,-8.857142857142858,NULL,NULL
436,2,2016-05-03,4,3,17,8,-12.909090909090908,NULL,NULL,-8.428571428571429,NULL,NULL
446,2,2016-05-03,4,4,21,10,-13.181818181818182,NULL,NULL,-9.714285714285714,NULL,NULL
411,3,2016-05-03,4,1,23,14,-9.090909090909092,56,NULL,-5.357142857142857,5.222222222222222,NULL
421,3,2016-05-03,4,2,24,13,-8.181818181818182,54,NULL,-5.428571428571429,8.333333333333334,NULL
431,3,2016-05-03,4,3,19,8,-13.181818181818182,56,NULL,-6.428571428571429,16.333333333333332,NULL
441,3,2016-05-03,4,4,23,11,-12.909090909090908,45,NULL,-7.571428571428571,16,NULL
1399,4,2016-05-03,4,1,22.5,12,NULL,56,NULL,NULL,NULL,NULL
1484,4,2016-05-03,4,2,23,12.5,NULL,54,NULL,NULL,NULL,NULL
1534,4,2016-05-03,4,3,18,8,NULL,56,NULL,NULL,NULL,NULL
1584,4,2016-05-03,4,4,22,10.5,NULL,45,NULL,NULL,NULL,NULL
417,2,2016-05-03,5,1,22,11,-9,NULL,NULL,-7.142857142857143,NULL,NULL
427,2,2016-05-03,5,2,22,12,-9.818181818181818,NULL,NULL,-8.833333333333334,NULL,NULL
437,2,2016-05-03,5,3,18,8,-12.363636363636363,NULL,NULL,-9.714285714285714,NULL,NULL
447,2,2016-05-03,5,4,21,11,-9.636363636363637,NULL,NULL,-8.714285714285714,NULL,NULL
412,3,2016-05-03,5,1,22,15,-7.436363636363637,62,NULL,-3.3285714285714283,3.3333333333333335,NULL
422,3,2016-05-03,5,2,24,15,-6.909090909090909,62,NULL,-2.2857142857142856,13.722222222222221,NULL
432,3,2016-05-03,5,3,20,9,-12.818181818181818,59,NULL,-5.714285714285714,18.77777777777778,NULL
442,3,2016-05-03,5,4,24,12,-10.454545454545455,45,NULL,-6.142857142857143,11,NULL
1400,4,2016-05-03,5,1,22,13,NULL,62,NULL,NULL,NULL,NULL
1485,4,2016-05-03,5,2,23,13.5,NULL,62,NULL,NULL,NULL,NULL
1535,4,2016-05-03,5,3,19,8.5,NULL,59,NULL,NULL,NULL,NULL
1585,4,2016-05-03,5,4,22.5,11.5,NULL,45,NULL,NULL,NULL,NULL
473,2,2016-05-04,1,1,21,11,-1,NULL,NULL,-6,NULL,NULL
483,2,2016-05-04,1,2,19,9,-1,NULL,NULL,-9,NULL,NULL
493,2,2016-05-04,1,3,17,9,-2,NULL,NULL,-7,NULL,NULL
503,2,2016-05-04,1,4,18,7,-3,NULL,NULL,-11,NULL,NULL
468,3,2016-05-04,1,1,23,11,-8,53,NULL,-2,-10.666666666666666,NULL
478,3,2016-05-04,1,2,20,8,-2,51,NULL,-7,-0.3333333333333333,NULL
488,3,2016-05-04,1,3,18,7,-8,61,NULL,-6,7.333333333333333,NULL
498,3,2016-05-04,1,4,20,7,-5,49,NULL,-8,-2,NULL
1401,4,2016-05-04,1,1,22,11,NULL,53,NULL,NULL,NULL,NULL
1486,4,2016-05-04,1,2,19.5,8.5,NULL,51,NULL,NULL,NULL,NULL
1536,4,2016-05-04,1,3,17.5,8,NULL,61,NULL,NULL,NULL,NULL
1586,4,2016-05-04,1,4,19,7,NULL,49,NULL,NULL,NULL,NULL
474,2,2016-05-04,2,1,23,8,-12.333333333333334,NULL,NULL,-10.5,NULL,NULL
484,2,2016-05-04,2,2,22,8,-13,NULL,NULL,-14,NULL,NULL
494,2,2016-05-04,2,3,17,8,-10.444444444444445,NULL,NULL,-8,NULL,NULL
504,2,2016-05-04,2,4,21,8,-12.88888888888889,NULL,NULL,-12.5,NULL,NULL
469,3,2016-05-04,2,1,23,13,-9.555555555555557,55,NULL,-7.300000000000001,14.363636363636363,NULL
479,3,2016-05-04,2,2,23,12,-10,59,NULL,-8.5,21.545454545454547,NULL
489,3,2016-05-04,2,3,18,7,-12.666666666666666,64,NULL,-8,26.545454545454547,NULL
499,3,2016-05-04,2,4,23,10,-12.333333333333334,50,NULL,-10,20.90909090909091,NULL
1402,4,2016-05-04,2,1,23,10.5,NULL,55,NULL,NULL,NULL,NULL
1487,4,2016-05-04,2,2,22.5,10,NULL,59,NULL,NULL,NULL,NULL
1537,4,2016-05-04,2,3,17.5,7.5,NULL,64,NULL,NULL,NULL,NULL
1587,4,2016-05-04,2,4,22,9,NULL,50,NULL,NULL,NULL,NULL
475,2,2016-05-04,3,1,22,10,-11.545454545454545,NULL,NULL,-9,NULL,NULL
485,2,2016-05-04,3,2,22,12,-8.363636363636363,NULL,NULL,-8.857142857142858,NULL,NULL
495,2,2016-05-04,3,3,18,8,-12.909090909090908,NULL,NULL,-8.428571428571429,NULL,NULL
505,2,2016-05-04,3,4,21,10,-13.181818181818182,NULL,NULL,-9.714285714285714,NULL,NULL
470,3,2016-05-04,3,1,22,14,-9.090909090909092,59,NULL,-5.357142857142857,8.222222222222221,NULL
480,3,2016-05-04,3,2,23,13,-8.181818181818182,55,NULL,-5.428571428571429,9.333333333333334,NULL
490,3,2016-05-04,3,3,19,7,-14.181818181818182,62,NULL,-7.428571428571429,22.333333333333332,NULL
500,3,2016-05-04,3,4,24,11,-12.909090909090908,47,NULL,-7.571428571428571,18,NULL
1403,4,2016-05-04,3,1,22,12,NULL,59,NULL,NULL,NULL,NULL
1488,4,2016-05-04,3,2,22.5,12.5,NULL,55,NULL,NULL,NULL,NULL
1538,4,2016-05-04,3,3,18.5,7.5,NULL,62,NULL,NULL,NULL,NULL
1588,4,2016-05-04,3,4,22.5,10.5,NULL,47,NULL,NULL,NULL,NULL
476,2,2016-05-04,4,1,22,11,-9,NULL,NULL,-7.142857142857143,NULL,NULL
486,2,2016-05-04,4,2,23,12,-9.818181818181818,NULL,NULL,-8.833333333333334,NULL,NULL
496,2,2016-05-04,4,3,19,8,-12.363636363636363,NULL,NULL,-9.714285714285714,NULL,NULL
506,2,2016-05-04,4,4,22,11,-9.636363636363637,NULL,NULL,-8.714285714285714,NULL,NULL
471,3,2016-05-04,4,1,22,14,-8.436363636363637,63,NULL,-4.328571428571428,4.333333333333333,NULL
481,3,2016-05-04,4,2,24,14,-7.909090909090909,60,NULL,-3.2857142857142856,11.722222222222221,NULL
491,3,2016-05-04,4,3,20,9,-12.818181818181818,61,NULL,-5.714285714285714,20.77777777777778,NULL
501,3,2016-05-04,4,4,24,11,-11.454545454545455,49,NULL,-7.142857142857143,15,NULL
1404,4,2016-05-04,4,1,22,12.5,NULL,63,NULL,NULL,NULL,NULL
1489,4,2016-05-04,4,2,23.5,13,NULL,60,NULL,NULL,NULL,NULL
1539,4,2016-05-04,4,3,19.5,8.5,NULL,61,NULL,NULL,NULL,NULL
1589,4,2016-05-04,4,4,23,11,NULL,49,NULL,NULL,NULL,NULL
477,2,2016-05-04,5,1,23,11,-9.222222222222221,NULL,NULL,-8,NULL,NULL
487,2,2016-05-04,5,2,22,13,-6.111111111111111,NULL,NULL,-7.166666666666667,NULL,NULL
497,2,2016-05-04,5,3,19,10,-11.666666666666666,NULL,NULL,-8.333333333333334,NULL,NULL
507,2,2016-05-04,5,4,22,12,-8.666666666666666,NULL,NULL,-7.833333333333333,NULL,NULL
472,3,2016-05-04,5,1,24,16,-7.288888888888888,60,NULL,-3.4666666666666663,3.933333333333333,NULL
482,3,2016-05-04,5,2,22,14,-4.555555555555555,66,NULL,-4.5,-2.066666666666667,NULL
492,3,2016-05-04,5,3,21,10,-12.88888888888889,68,NULL,-6,32.86666666666667,NULL
502,3,2016-05-04,5,4,23,11,-11.666666666666666,53,NULL,-7.5,14.6,NULL
1405,4,2016-05-04,5,1,23.5,13.5,NULL,60,NULL,NULL,NULL,NULL
1490,4,2016-05-04,5,2,22,13.5,NULL,66,NULL,NULL,NULL,NULL
1540,4,2016-05-04,5,3,20,10,NULL,68,NULL,NULL,NULL,NULL
1590,4,2016-05-04,5,4,22.5,11.5,NULL,53,NULL,NULL,NULL,NULL
523,2,2016-05-05,1,1,22,11,-9.333333333333334,NULL,NULL,-7.5,NULL,NULL
533,2,2016-05-05,1,2,23,11,-10,NULL,NULL,-11,NULL,NULL
543,2,2016-05-05,1,3,17,9,-9.444444444444445,NULL,NULL,-7,NULL,NULL
553,2,2016-05-05,1,4,22,9,-11.88888888888889,NULL,NULL,-11.5,NULL,NULL
518,3,2016-05-05,1,1,23,12,-10.555555555555557,53,NULL,-8.3,12.363636363636363,NULL
528,3,2016-05-05,1,2,24,13,-9,53,NULL,-7.5,15.545454545454545,NULL
538,3,2016-05-05,1,3,18,7,-12.666666666666666,56,NULL,-8,18.545454545454547,NULL
548,3,2016-05-05,1,4,24,10,-12.333333333333334,47,NULL,-10,17.90909090909091,NULL
1406,4,2016-05-05,1,1,22.5,11.5,NULL,53,NULL,NULL,NULL,NULL
1491,4,2016-05-05,1,2,23.5,12,NULL,53,NULL,NULL,NULL,NULL
1541,4,2016-05-05,1,3,17.5,8,NULL,56,NULL,NULL,NULL,NULL
1591,4,2016-05-05,1,4,23,9.5,NULL,47,NULL,NULL,NULL,NULL
524,2,2016-05-05,2,1,22,10,-11.545454545454545,NULL,NULL,-9,NULL,NULL
534,2,2016-05-05,2,2,23,12,-8.363636363636363,NULL,NULL,-8.857142857142858,NULL,NULL
544,2,2016-05-05,2,3,18,8,-12.909090909090908,NULL,NULL,-8.428571428571429,NULL,NULL
554,2,2016-05-05,2,4,22,10,-13.181818181818182,NULL,NULL,-9.714285714285714,NULL,NULL
519,3,2016-05-05,2,1,22,13,-10.090909090909092,58,NULL,-6.357142857142857,7.222222222222222,NULL
529,3,2016-05-05,2,2,24,13,-8.181818181818182,50,NULL,-5.428571428571429,4.333333333333333,NULL
539,3,2016-05-05,2,3,20,8,-13.181818181818182,58,NULL,-6.428571428571429,18.333333333333332,NULL
549,3,2016-05-05,2,4,24,11,-12.909090909090908,45,NULL,-7.571428571428571,16,NULL
1407,4,2016-05-05,2,1,22,11.5,NULL,58,NULL,NULL,NULL,NULL
1492,4,2016-05-05,2,2,23.5,12.5,NULL,50,NULL,NULL,NULL,NULL
1542,4,2016-05-05,2,3,19,8,NULL,58,NULL,NULL,NULL,NULL
1592,4,2016-05-05,2,4,23,10.5,NULL,45,NULL,NULL,NULL,NULL
525,2,2016-05-05,3,1,23,11,-9,NULL,NULL,-7.142857142857143,NULL,NULL
535,2,2016-05-05,3,2,24,12,-9.818181818181818,NULL,NULL,-8.833333333333334,NULL,NULL
545,2,2016-05-05,3,3,20,8,-12.363636363636363,NULL,NULL,-9.714285714285714,NULL,NULL
555,2,2016-05-05,3,4,23,11,-9.636363636363637,NULL,NULL,-8.714285714285714,NULL,NULL
520,3,2016-05-05,3,1,24,14,-8.436363636363637,59,NULL,-4.328571428571428,0.3333333333333333,NULL
530,3,2016-05-05,3,2,26,15,-6.909090909090909,50,NULL,-2.2857142857142856,1.7222222222222223,NULL
540,3,2016-05-05,3,3,21,9,-12.818181818181818,54,NULL,-5.714285714285714,13.777777777777779,NULL
550,3,2016-05-05,3,4,24,11,-11.454545454545455,46,NULL,-7.142857142857143,12,NULL
1408,4,2016-05-05,3,1,23.5,12.5,NULL,59,NULL,NULL,NULL,NULL
1493,4,2016-05-05,3,2,25,13.5,NULL,50,NULL,NULL,NULL,NULL
1543,4,2016-05-05,3,3,20.5,8.5,NULL,54,NULL,NULL,NULL,NULL
1593,4,2016-05-05,3,4,23.5,11,NULL,46,NULL,NULL,NULL,NULL
526,2,2016-05-05,4,1,23,10,-10.222222222222221,NULL,NULL,-9,NULL,NULL
536,2,2016-05-05,4,2,21,15,-4.111111111111111,NULL,NULL,-5.166666666666667,NULL,NULL
546,2,2016-05-05,4,3,20,10,-11.666666666666666,NULL,NULL,-8.333333333333334,NULL,NULL
556,2,2016-05-05,4,4,22,11,-9.666666666666666,NULL,NULL,-8.833333333333334,NULL,NULL
521,3,2016-05-05,4,1,24,15,-8.288888888888888,55,NULL,-4.466666666666666,-1.0666666666666667,NULL
531,3,2016-05-05,4,2,22,15,-3.5555555555555554,60,NULL,-3.5,-8.066666666666666,NULL
541,3,2016-05-05,4,3,21,10,-12.88888888888889,63,NULL,-6,27.866666666666667,NULL
551,3,2016-05-05,4,4,23,12,-10.666666666666666,50,NULL,-6.5,11.6,NULL
1409,4,2016-05-05,4,1,23.5,12.5,NULL,55,NULL,NULL,NULL,NULL
1494,4,2016-05-05,4,2,21.5,15,NULL,60,NULL,NULL,NULL,NULL
1544,4,2016-05-05,4,3,20.5,10,NULL,63,NULL,NULL,NULL,NULL
1594,4,2016-05-05,4,4,22.5,11.5,NULL,50,NULL,NULL,NULL,NULL
527,2,2016-05-05,5,1,24,12,-11.75,NULL,NULL,-8.666666666666666,NULL,NULL
537,2,2016-05-05,5,2,21,14,-2.25,NULL,NULL,-2,NULL,NULL
547,2,2016-05-05,5,3,20,11,-11,NULL,NULL,-6.666666666666667,NULL,NULL
557,2,2016-05-05,5,4,23,12,-9.625,NULL,NULL,-8.333333333333334,NULL,NULL
522,3,2016-05-05,5,1,25,16,-9.6375,54,NULL,-4.400000000000001,3.1818181818181817,NULL
532,3,2016-05-05,5,2,22,14,-2.125,71,NULL,-1.3333333333333333,-21.90909090909091,NULL
542,3,2016-05-05,5,3,21,11,-11.625,63,NULL,-2.6666666666666665,19.363636363636363,NULL
552,3,2016-05-05,5,4,24,12,-10.375,52,NULL,-6.333333333333333,14.090909090909092,NULL
1410,4,2016-05-05,5,1,24.5,14,NULL,54,NULL,NULL,NULL,NULL
1495,4,2016-05-05,5,2,21.5,14,NULL,71,NULL,NULL,NULL,NULL
1545,4,2016-05-05,5,3,20.5,11,NULL,63,NULL,NULL,NULL,NULL
1595,4,2016-05-05,5,4,23.5,12,NULL,52,NULL,NULL,NULL,NULL
591,2,2016-05-06,1,1,23,13,-8.545454545454545,NULL,NULL,-6,NULL,NULL
601,2,2016-05-06,1,2,23,14,-6.363636363636363,NULL,NULL,-6.857142857142857,NULL,NULL
611,2,2016-05-06,1,3,19,9,-11.909090909090908,NULL,NULL,-7.428571428571429,NULL,NULL
621,2,2016-05-06,1,4,22,11,-12.181818181818182,NULL,NULL,-8.714285714285714,NULL,NULL
586,3,2016-05-06,1,1,22,13,-10.090909090909092,57,NULL,-6.357142857142857,6.222222222222222,NULL
596,3,2016-05-06,1,2,25,13,-8.181818181818182,47,NULL,-5.428571428571429,1.3333333333333333,NULL
606,3,2016-05-06,1,3,19,8,-13.181818181818182,56,NULL,-6.428571428571429,16.333333333333332,NULL
616,3,2016-05-06,1,4,24,11,-12.909090909090908,44,NULL,-7.571428571428571,15,NULL
1411,4,2016-05-06,1,1,22.5,13,NULL,57,NULL,NULL,NULL,NULL
1496,4,2016-05-06,1,2,24,13.5,NULL,47,NULL,NULL,NULL,NULL
1546,4,2016-05-06,1,3,19,8.5,NULL,56,NULL,NULL,NULL,NULL
1596,4,2016-05-06,1,4,23,11,NULL,44,NULL,NULL,NULL,NULL
592,2,2016-05-06,2,1,23,11,-9,NULL,NULL,-7.142857142857143,NULL,NULL
602,2,2016-05-06,2,2,24,12,-9.818181818181818,NULL,NULL,-8.833333333333334,NULL,NULL
612,2,2016-05-06,2,3,19,9,-11.363636363636363,NULL,NULL,-8.714285714285714,NULL,NULL
622,2,2016-05-06,2,4,22,11,-9.636363636363637,NULL,NULL,-8.714285714285714,NULL,NULL
587,3,2016-05-06,2,1,22,13,-9.436363636363637,57,NULL,-5.328571428571428,-1.6666666666666667,NULL
597,3,2016-05-06,2,2,26,16,-5.909090909090909,52,NULL,-1.2857142857142858,3.7222222222222223,NULL
607,3,2016-05-06,2,3,21,9,-12.818181818181818,54,NULL,-5.714285714285714,13.777777777777779,NULL
617,3,2016-05-06,2,4,23,12,-10.454545454545455,47,NULL,-6.142857142857143,13,NULL
1412,4,2016-05-06,2,1,22.5,12,NULL,57,NULL,NULL,NULL,NULL
1497,4,2016-05-06,2,2,25,14,NULL,52,NULL,NULL,NULL,NULL
1547,4,2016-05-06,2,3,20,9,NULL,54,NULL,NULL,NULL,NULL
1597,4,2016-05-06,2,4,22.5,11.5,NULL,47,NULL,NULL,NULL,NULL
593,2,2016-05-06,3,1,23,10,-10.222222222222221,NULL,NULL,-9,NULL,NULL
603,2,2016-05-06,3,2,21,15,-4.111111111111111,NULL,NULL,-5.166666666666667,NULL,NULL
613,2,2016-05-06,3,3,20,10,-11.666666666666666,NULL,NULL,-8.333333333333334,NULL,NULL
623,2,2016-05-06,3,4,22,12,-8.666666666666666,NULL,NULL,-7.833333333333333,NULL,NULL
588,3,2016-05-06,3,1,24,16,-7.288888888888888,57,NULL,-3.4666666666666663,0.9333333333333333,NULL
598,3,2016-05-06,3,2,23,14,-4.555555555555555,59,NULL,-4.5,-9.066666666666666,NULL
608,3,2016-05-06,3,3,21,10,-12.88888888888889,59,NULL,-6,23.866666666666667,NULL
618,3,2016-05-06,3,4,23,12,-10.666666666666666,52,NULL,-6.5,13.6,NULL
1413,4,2016-05-06,3,1,23.5,13,NULL,57,NULL,NULL,NULL,NULL
1498,4,2016-05-06,3,2,22,14.5,NULL,59,NULL,NULL,NULL,NULL
1548,4,2016-05-06,3,3,20.5,10,NULL,59,NULL,NULL,NULL,NULL
1598,4,2016-05-06,3,4,22.5,12,NULL,52,NULL,NULL,NULL,NULL
594,2,2016-05-06,4,1,25,13,-10.75,NULL,NULL,-7.666666666666667,NULL,NULL
604,2,2016-05-06,4,2,20,14,-2.25,NULL,NULL,-2,NULL,NULL
614,2,2016-05-06,4,3,20,10,-12,NULL,NULL,-7.666666666666667,NULL,NULL
624,2,2016-05-06,4,4,23,12,-9.625,NULL,NULL,-8.333333333333334,NULL,NULL
589,3,2016-05-06,4,1,26,16,-9.6375,52,NULL,-4.400000000000001,1.1818181818181819,NULL
599,3,2016-05-06,4,2,22,13,-3.125,71,NULL,-2.3333333333333335,-21.90909090909091,NULL
609,3,2016-05-06,4,3,22,11,-11.625,58,NULL,-2.6666666666666665,14.363636363636363,NULL
619,3,2016-05-06,4,4,24,12,-10.375,49,NULL,-6.333333333333333,11.090909090909092,NULL
1414,4,2016-05-06,4,1,25.5,14.5,NULL,52,NULL,NULL,NULL,NULL
1499,4,2016-05-06,4,2,21,13.5,NULL,71,NULL,NULL,NULL,NULL
1549,4,2016-05-06,4,3,21,10.5,NULL,58,NULL,NULL,NULL,NULL
1599,4,2016-05-06,4,4,23.5,12,NULL,49,NULL,NULL,NULL,NULL
595,2,2016-05-06,5,1,26,13,-6.666666666666667,NULL,NULL,-7.333333333333333,NULL,NULL
605,2,2016-05-06,5,2,21,12,-2,NULL,NULL,-4,NULL,NULL
615,2,2016-05-06,5,3,18,11,-7.5,NULL,NULL,-5.666666666666667,NULL,NULL
625,2,2016-05-06,5,4,23,12,-7.333333333333333,NULL,NULL,-7.666666666666667,NULL,NULL
590,3,2016-05-06,5,1,26,17,-5.816666666666666,58,NULL,-3.3000000000000007,-8.222222222222221,NULL
600,3,2016-05-06,5,2,23,13,-2,69,NULL,-1.6666666666666667,-27.666666666666668,NULL
610,3,2016-05-06,5,3,20,11,-9.5,64,NULL,-3.6666666666666665,10.666666666666666,NULL
620,3,2016-05-06,5,4,24,13,-8.833333333333334,54,NULL,-5.333333333333333,11.88888888888889,NULL
1415,4,2016-05-06,5,1,26,15,NULL,58,NULL,NULL,NULL,NULL
1500,4,2016-05-06,5,2,22,12.5,NULL,69,NULL,NULL,NULL,NULL
1550,4,2016-05-06,5,3,19,11,NULL,64,NULL,NULL,NULL,NULL
1600,4,2016-05-06,5,4,23.5,12.5,NULL,54,NULL,NULL,NULL,NULL
902,1,2016-05-07,1,1,13.8,12.46,-5.7754545454545445,93,1015.04,-3.674999999999999,14.666666666666666,-6.5153333333333645
907,1,2016-05-07,1,2,14.91,13.72,-8.77272727272727,38,1007.91,-6.9399999999999995,-1.6666666666666667,-0.8793333333333673
912,1,2016-05-07,1,3,8.15,8.15,-12.386363636363637,78,1020.31,-5.135000000000001,19.866666666666667,2.0393333333332673
917,1,2016-05-07,1,4,21.89,14.62,-6.125454545454545,0,1026.18,-2.8850000000000007,-51.46666666666667,-1.37533333333328
651,2,2016-05-07,1,1,23,13,-7,NULL,NULL,-5.142857142857143,NULL,NULL
656,2,2016-05-07,1,2,23,14,-7.818181818181818,NULL,NULL,-6.833333333333333,NULL,NULL
666,2,2016-05-07,1,3,19,9,-11.363636363636363,NULL,NULL,-8.714285714285714,NULL,NULL
671,2,2016-05-07,1,4,22,11,-9.636363636363637,NULL,NULL,-8.714285714285714,NULL,NULL
691,3,2016-05-07,1,1,23,14,-8.436363636363637,57,NULL,-4.328571428571428,-1.6666666666666667,NULL
696,3,2016-05-07,1,2,26,16,-5.909090909090909,49,NULL,-1.2857142857142858,0.7222222222222222,NULL
661,3,2016-05-07,1,3,21,9,-12.818181818181818,53,NULL,-5.714285714285714,12.777777777777779,NULL
701,3,2016-05-07,1,4,24,12,-10.454545454545455,45,NULL,-6.142857142857143,11,NULL
1416,4,2016-05-07,1,1,19.933333333333334,13.153333333333334,NULL,75,1015.04,NULL,NULL,NULL
1501,4,2016-05-07,1,2,21.30333333333333,14.573333333333332,NULL,43.5,1007.91,NULL,NULL,NULL
1551,4,2016-05-07,1,3,16.05,8.716666666666667,NULL,65.5,1020.31,NULL,NULL,NULL
1601,4,2016-05-07,1,4,22.63,12.54,NULL,22.5,1026.18,NULL,NULL,NULL
903,1,2016-05-07,2,1,18.84,13.48,-4.657777777777778,71,1015.8,-2.4383333333333326,-13.733333333333333,-10.776000000000051
908,1,2016-05-07,2,2,24.34,19,-0.08222222222222204,40,1007.94,-0.6300000000000002,-19.8,-1.7406666666666069
913,1,2016-05-07,2,3,19.83,9.72,-11.47888888888889,67,1022.51,-4.614999999999999,5.333333333333333,4.3299999999999805
918,1,2016-05-07,2,4,23.14,16.1,-4.809999999999999,41,1026.34,-0.7816666666666654,-14.866666666666667,-1.1746666666667807
652,2,2016-05-07,2,1,23,11,-9.222222222222221,NULL,NULL,-8,NULL,NULL
657,2,2016-05-07,2,2,24,12,-7.111111111111111,NULL,NULL,-8.166666666666666,NULL,NULL
667,2,2016-05-07,2,3,20,10,-11.666666666666666,NULL,NULL,-8.333333333333334,NULL,NULL
672,2,2016-05-07,2,4,22,11,-9.666666666666666,NULL,NULL,-8.833333333333334,NULL,NULL
692,3,2016-05-07,2,1,24,16,-7.288888888888888,57,NULL,-3.4666666666666663,0.9333333333333333,NULL
697,3,2016-05-07,2,2,22,15,-3.5555555555555554,60,NULL,-3.5,-8.066666666666666,NULL
662,3,2016-05-07,2,3,22,10,-12.88888888888889,53,NULL,-6,17.866666666666667,NULL
702,3,2016-05-07,2,4,24,12,-10.666666666666666,50,NULL,-6.5,11.6,NULL
1417,4,2016-05-07,2,1,21.94666666666667,13.493333333333334,NULL,64,1015.8,NULL,NULL,NULL
1502,4,2016-05-07,2,2,23.44666666666667,15.333333333333334,NULL,50,1007.94,NULL,NULL,NULL
1552,4,2016-05-07,2,3,20.61,9.906666666666666,NULL,60,1022.51,NULL,NULL,NULL
1602,4,2016-05-07,2,4,23.046666666666667,13.033333333333333,NULL,45.5,1026.34,NULL,NULL,NULL
904,1,2016-05-07,3,1,18.63,14.46,-6.038749999999999,76,1020.13,-2.0433333333333317,1.0909090909090908,-2.3072727272727374
909,1,2016-05-07,3,2,16.82,15.3,-2.1837499999999985,69,1010.16,-0.36999999999999983,-23.727272727272727,2.075454545454518
914,1,2016-05-07,3,3,20.41,13.4,-9.06125,68,1023.43,-0.06333333333333317,9.909090909090908,7.4618181818181135
919,1,2016-05-07,3,4,23.17,16.37,-4.657499999999999,44,1025.89,-1.7599999999999991,-14.272727272727273,2.5300000000000966
653,2,2016-05-07,3,1,23,10,-13.75,NULL,NULL,-10.666666666666666,NULL,NULL
658,2,2016-05-07,3,2,21,15,-1.25,NULL,NULL,-1,NULL,NULL
668,2,2016-05-07,3,3,20,10,-12,NULL,NULL,-7.666666666666667,NULL,NULL
673,2,2016-05-07,3,4,22,12,-9.625,NULL,NULL,-8.333333333333334,NULL,NULL
693,3,2016-05-07,3,1,26,15,-10.6375,58,NULL,-5.400000000000001,7.181818181818182,NULL
698,3,2016-05-07,3,2,21,13,-3.125,78,NULL,-2.3333333333333335,-14.909090909090908,NULL
663,3,2016-05-07,3,3,22,11,-11.625,57,NULL,-2.6666666666666665,13.363636363636363,NULL
703,3,2016-05-07,3,4,24,12,-10.375,50,NULL,-6.333333333333333,12.090909090909092,NULL
1418,4,2016-05-07,3,1,22.543333333333333,13.153333333333334,NULL,67,1020.13,NULL,NULL,NULL
1503,4,2016-05-07,3,2,19.606666666666666,14.433333333333332,NULL,73.5,1010.16,NULL,NULL,NULL
1553,4,2016-05-07,3,3,20.80333333333333,11.466666666666667,NULL,62.5,1023.43,NULL,NULL,NULL
1603,4,2016-05-07,3,4,23.05666666666667,13.456666666666669,NULL,47,1025.89,NULL,NULL,NULL
905,1,2016-05-07,4,1,19.65,15.65,-3.004999999999999,79,1017.66,-1.6833333333333318,-8.444444444444445,1.923333333333302
910,1,2016-05-07,4,2,17.4,12.95,-3.2400000000000007,100,1006.47,-3.116666666666667,11,-0.15444444444444294
915,1,2016-05-07,4,3,21.63,12.47,-8.278333333333332,66,1018.69,-1.5766666666666662,-7.777777777777778,8.138888888888939
920,1,2016-05-07,4,4,22.75,14.15,-6.423333333333335,46,1021.71,-1.9999999999999993,-18.555555555555557,0.585555555555604
654,2,2016-05-07,4,1,25,13,-6.666666666666667,NULL,NULL,-7.333333333333333,NULL,NULL
659,2,2016-05-07,4,2,20,14,0,NULL,NULL,-2,NULL,NULL
669,2,2016-05-07,4,3,18,11,-7.5,NULL,NULL,-5.666666666666667,NULL,NULL
674,2,2016-05-07,4,4,23,12,-7.333333333333333,NULL,NULL,-7.666666666666667,NULL,NULL
694,3,2016-05-07,4,1,26,17,-5.816666666666666,63,NULL,-3.3000000000000007,-3.2222222222222223,NULL
699,3,2016-05-07,4,2,23,13,-2,70,NULL,-1.6666666666666667,-26.666666666666668,NULL
664,3,2016-05-07,4,3,22,11,-9.5,64,NULL,-3.6666666666666665,10.666666666666666,NULL
704,3,2016-05-07,4,4,24,13,-8.833333333333334,51,NULL,-5.333333333333333,8.88888888888889,NULL
1419,4,2016-05-07,4,1,23.55,15.216666666666667,NULL,71,1017.66,NULL,NULL,NULL
1504,4,2016-05-07,4,2,20.133333333333333,13.316666666666668,NULL,85,1006.47,NULL,NULL,NULL
1554,4,2016-05-07,4,3,20.543333333333333,11.49,NULL,65,1018.69,NULL,NULL,NULL
1604,4,2016-05-07,4,4,23.25,13.049999999999999,NULL,48.5,1021.71,NULL,NULL,NULL
906,1,2016-05-07,5,1,16.63,15.3,NULL,99,1009.04,NULL,NULL,NULL
911,1,2016-05-07,5,2,21.14,11.44,NULL,0,1003.6,NULL,NULL,NULL
916,1,2016-05-07,5,3,20.57,13.82,NULL,69,1013.44,NULL,NULL,NULL
921,1,2016-05-07,5,4,22.28,16.6,NULL,46,1015.36,NULL,NULL,NULL
655,2,2016-05-07,5,1,26,13,NULL,NULL,NULL,NULL,NULL,NULL
660,2,2016-05-07,5,2,21,12,NULL,NULL,NULL,NULL,NULL,NULL
670,2,2016-05-07,5,3,18,11,NULL,NULL,NULL,NULL,NULL,NULL
675,2,2016-05-07,5,4,23,12,NULL,NULL,NULL,NULL,NULL,NULL
695,3,2016-05-07,5,1,21,16,NULL,71,NULL,NULL,NULL,NULL
700,3,2016-05-07,5,2,23,13,NULL,69,NULL,NULL,NULL,NULL
665,3,2016-05-07,5,3,18,11,NULL,74,NULL,NULL,NULL,NULL
705,3,2016-05-07,5,4,24,12,NULL,55,NULL,NULL,NULL,NULL
1420,4,2016-05-07,5,1,21.209999999999997,14.766666666666666,NULL,85,1009.04,NULL,NULL,NULL
1505,4,2016-05-07,5,2,21.713333333333335,12.146666666666667,NULL,34.5,1003.6,NULL,NULL,NULL
1555,4,2016-05-07,5,3,18.856666666666666,11.94,NULL,71.5,1013.44,NULL,NULL,NULL
1605,4,2016-05-07,5,4,23.093333333333334,13.533333333333333,NULL,50.5,1015.36,NULL,NULL,NULL
956,1,2016-05-08,1,1,18.84,14.28,-3.857777777777779,76,1017.42,-1.6383333333333336,-8.733333333333333,-9.156000000000047
961,1,2016-05-08,1,2,24.94,20.68,1.5977777777777777,48,1010.46,1.0499999999999996,-11.8,0.7793333333333748
966,1,2016-05-08,1,3,22.22,11.46,-9.738888888888887,54,1021.23,-2.8749999999999987,-7.666666666666667,3.0500000000000074
971,1,2016-05-08,1,4,23.22,15.08,-5.83,40,1026.02,-1.8016666666666667,-15.866666666666667,-1.494666666666717
805,2,2016-05-08,1,1,22,14,-6.222222222222222,NULL,NULL,-5,NULL,NULL
810,2,2016-05-08,1,2,25,15,-4.111111111111111,NULL,NULL,-5.166666666666667,NULL,NULL
820,2,2016-05-08,1,3,20,9,-12.666666666666666,NULL,NULL,-9.333333333333334,NULL,NULL
825,2,2016-05-08,1,4,22,11,-9.666666666666666,NULL,NULL,-8.833333333333334,NULL,NULL
880,3,2016-05-08,1,1,24,14,-9.288888888888888,59,NULL,-5.466666666666666,2.933333333333333,NULL
885,3,2016-05-08,1,2,23,16,-2.5555555555555554,62,NULL,-2.5,-6.066666666666666,NULL
815,3,2016-05-08,1,3,22,10,-12.88888888888889,52,NULL,-6,16.866666666666667,NULL
890,3,2016-05-08,1,4,24,12,-10.666666666666666,49,NULL,-6.5,10.6,NULL
1421,4,2016-05-08,1,1,21.613333333333333,14.093333333333334,NULL,67.5,1017.42,NULL,NULL,NULL
1506,4,2016-05-08,1,2,24.313333333333333,17.226666666666667,NULL,55,1010.46,NULL,NULL,NULL
1556,4,2016-05-08,1,3,21.406666666666666,10.153333333333334,NULL,53,1021.23,NULL,NULL,NULL
1606,4,2016-05-08,1,4,23.073333333333334,12.693333333333333,NULL,44.5,1026.02,NULL,NULL,NULL
806,2,2016-05-08,2,1,23,12,-11.75,NULL,NULL,-8.666666666666666,NULL,NULL
811,2,2016-05-08,2,2,21,15,-1.25,NULL,NULL,-1,NULL,NULL
821,2,2016-05-08,2,3,21,10,-12,NULL,NULL,-7.666666666666667,NULL,NULL
826,2,2016-05-08,2,4,22,12,-9.625,NULL,NULL,-8.333333333333334,NULL,NULL
881,3,2016-05-08,2,1,26,15,-10.6375,55,NULL,-5.400000000000001,4.181818181818182,NULL
886,3,2016-05-08,2,2,23,13,-3.125,70,NULL,-2.3333333333333335,-22.90909090909091,NULL
816,3,2016-05-08,2,3,21,10,-12.625,53,NULL,-3.6666666666666665,9.363636363636363,NULL
891,3,2016-05-08,2,4,25,13,-9.375,47,NULL,-5.333333333333333,9.090909090909092,NULL
1422,4,2016-05-08,2,1,24.5,13.5,NULL,55,NULL,NULL,NULL,NULL
1507,4,2016-05-08,2,2,22,14,NULL,70,NULL,NULL,NULL,NULL
1557,4,2016-05-08,2,3,21,10,NULL,53,NULL,NULL,NULL,NULL
1607,4,2016-05-08,2,4,23.5,12.5,NULL,47,NULL,NULL,NULL,NULL
807,2,2016-05-08,3,1,25,13,-6.666666666666667,NULL,NULL,-7.333333333333333,NULL,NULL
812,2,2016-05-08,3,2,20,15,1,NULL,NULL,-1,NULL,NULL
822,2,2016-05-08,3,3,20,11,-7.5,NULL,NULL,-5.666666666666667,NULL,NULL
827,2,2016-05-08,3,4,23,12,-7.333333333333333,NULL,NULL,-7.666666666666667,NULL,NULL
882,3,2016-05-08,3,1,27,17,-5.816666666666666,59,NULL,-3.3000000000000007,-7.222222222222222,NULL
887,3,2016-05-08,3,2,22,14,-1,69,NULL,-0.6666666666666666,-27.666666666666668,NULL
817,3,2016-05-08,3,3,22,10,-10.5,58,NULL,-4.666666666666667,4.666666666666667,NULL
892,3,2016-05-08,3,4,26,13,-8.833333333333334,45,NULL,-5.333333333333333,2.888888888888889,NULL
1423,4,2016-05-08,3,1,26,15,NULL,59,NULL,NULL,NULL,NULL
1508,4,2016-05-08,3,2,21,14.5,NULL,69,NULL,NULL,NULL,NULL
1558,4,2016-05-08,3,3,21,10.5,NULL,58,NULL,NULL,NULL,NULL
1608,4,2016-05-08,3,4,24.5,12.5,NULL,45,NULL,NULL,NULL,NULL
808,2,2016-05-08,4,1,25,13,NULL,NULL,NULL,NULL,NULL,NULL
813,2,2016-05-08,4,2,21,12,NULL,NULL,NULL,NULL,NULL,NULL
823,2,2016-05-08,4,3,17,11,NULL,NULL,NULL,NULL,NULL,NULL
828,2,2016-05-08,4,4,23,13,NULL,NULL,NULL,NULL,NULL,NULL
883,3,2016-05-08,4,1,21,15,NULL,70,NULL,NULL,NULL,NULL
888,3,2016-05-08,4,2,23,12,NULL,69,NULL,NULL,NULL,NULL
818,3,2016-05-08,4,3,21,9,NULL,63,NULL,NULL,NULL,NULL
893,3,2016-05-08,4,4,26,13,NULL,46,NULL,NULL,NULL,NULL
1424,4,2016-05-08,4,1,23,14,NULL,70,NULL,NULL,NULL,NULL
1509,4,2016-05-08,4,2,22,12,NULL,69,NULL,NULL,NULL,NULL
1559,4,2016-05-08,4,3,19,10,NULL,63,NULL,NULL,NULL,NULL
1609,4,2016-05-08,4,4,24.5,13,NULL,46,NULL,NULL,NULL,NULL
809,2,2016-05-08,5,1,20,15,NULL,NULL,NULL,NULL,NULL,NULL
814,2,2016-05-08,5,2,20,12,NULL,NULL,NULL,NULL,NULL,NULL
824,2,2016-05-08,5,3,16,10,NULL,NULL,NULL,NULL,NULL,NULL
829,2,2016-05-08,5,4,22,13,NULL,NULL,NULL,NULL,NULL,NULL
884,3,2016-05-08,5,1,21,14,NULL,68,NULL,NULL,NULL,NULL
889,3,2016-05-08,5,2,19,8,NULL,70,NULL,NULL,NULL,NULL
819,3,2016-05-08,5,3,22,12,NULL,61,NULL,NULL,NULL,NULL
894,3,2016-05-08,5,4,23,9,NULL,60,NULL,NULL,NULL,NULL
1425,4,2016-05-08,5,1,20.5,14.5,NULL,68,NULL,NULL,NULL,NULL
1510,4,2016-05-08,5,2,19.5,10,NULL,70,NULL,NULL,NULL,NULL
1560,4,2016-05-08,5,3,19,11,NULL,61,NULL,NULL,NULL,NULL
1610,4,2016-05-08,5,4,22.5,11,NULL,60,NULL,NULL,NULL,NULL
997,2,2016-05-09,1,1,24,15,-8.75,NULL,NULL,-5.666666666666667,NULL,NULL
1002,2,2016-05-09,1,2,21,16,-0.25,NULL,NULL,0,NULL,NULL
1012,2,2016-05-09,1,3,21,10,-12,NULL,NULL,-7.666666666666667,NULL,NULL
1017,2,2016-05-09,1,4,23,13,-8.625,NULL,NULL,-7.333333333333333,NULL,NULL
1072,3,2016-05-09,1,1,27,17,-8.6375,52,NULL,-3.400000000000001,1.1818181818181819,NULL
1077,3,2016-05-09,1,2,22,14,-2.125,72,NULL,-1.3333333333333333,-20.90909090909091,NULL
1007,3,2016-05-09,1,3,22,11,-11.625,50,NULL,-2.6666666666666665,6.363636363636363,NULL
1082,3,2016-05-09,1,4,26,12,-10.375,44,NULL,-6.333333333333333,6.090909090909091,NULL
1426,4,2016-05-09,1,1,25.5,16,NULL,52,NULL,NULL,NULL,NULL
1511,4,2016-05-09,1,2,21.5,15,NULL,72,NULL,NULL,NULL,NULL
1561,4,2016-05-09,1,3,21.5,10.5,NULL,50,NULL,NULL,NULL,NULL
1611,4,2016-05-09,1,4,24.5,12.5,NULL,44,NULL,NULL,NULL,NULL
957,1,2016-05-09,2,1,19.2,15.28,-3.375,75,1021.36,-2.053333333333333,-12.444444444444445,5.623333333333347
962,1,2016-05-09,2,2,20,16.18,-0.010000000000000378,66,1011.71,0.11333333333333329,-23,5.085555555555566
967,1,2016-05-09,2,3,22.6,15.07,-5.678333333333334,68,1022.26,1.0233333333333334,-5.777777777777778,11.708888888888875
972,1,2016-05-09,2,4,23.68,14.16,-6.413333333333334,41,1025.73,-1.9899999999999995,-23.555555555555557,4.605555555555586
998,2,2016-05-09,2,1,25,12,-7.666666666666667,NULL,NULL,-8.333333333333334,NULL,NULL
1003,2,2016-05-09,2,2,21,15,1,NULL,NULL,-1,NULL,NULL
1013,2,2016-05-09,2,3,20,11,-7.5,NULL,NULL,-5.666666666666667,NULL,NULL
1018,2,2016-05-09,2,4,23,12,-7.333333333333333,NULL,NULL,-7.666666666666667,NULL,NULL
1073,3,2016-05-09,2,1,25,17,-5.816666666666666,63,NULL,-3.3000000000000007,-3.2222222222222223,NULL
1078,3,2016-05-09,2,2,21,13,-2,73,NULL,-1.6666666666666667,-23.666666666666668,NULL
1008,3,2016-05-09,2,3,22,10,-10.5,58,NULL,-4.666666666666667,4.666666666666667,NULL
1083,3,2016-05-09,2,4,26,14,-7.833333333333333,43,NULL,-4.333333333333333,0.8888888888888888,NULL
1427,4,2016-05-09,2,1,23.066666666666666,14.76,NULL,69,1021.36,NULL,NULL,NULL
1512,4,2016-05-09,2,2,20.666666666666668,14.726666666666667,NULL,69.5,1011.71,NULL,NULL,NULL
1562,4,2016-05-09,2,3,21.53333333333333,12.023333333333333,NULL,63,1022.26,NULL,NULL,NULL
1612,4,2016-05-09,2,4,24.22666666666667,13.386666666666665,NULL,42,1025.73,NULL,NULL,NULL
999,2,2016-05-09,3,1,24,12,NULL,NULL,NULL,NULL,NULL,NULL
1004,2,2016-05-09,3,2,21,12,NULL,NULL,NULL,NULL,NULL,NULL
1014,2,2016-05-09,3,3,18,11,NULL,NULL,NULL,NULL,NULL,NULL
1019,2,2016-05-09,3,4,24,13,NULL,NULL,NULL,NULL,NULL,NULL
1074,3,2016-05-09,3,1,20,15,NULL,74,NULL,NULL,NULL,NULL
1079,3,2016-05-09,3,2,22,13,NULL,67,NULL,NULL,NULL,NULL
1009,3,2016-05-09,3,3,22,10,NULL,61,NULL,NULL,NULL,NULL
1084,3,2016-05-09,3,4,25,14,NULL,44,NULL,NULL,NULL,NULL
1428,4,2016-05-09,3,1,22,13.5,NULL,74,NULL,NULL,NULL,NULL
1513,4,2016-05-09,3,2,21.5,12.5,NULL,67,NULL,NULL,NULL,NULL
1563,4,2016-05-09,3,3,20,10.5,NULL,61,NULL,NULL,NULL,NULL
1613,4,2016-05-09,3,4,24.5,13.5,NULL,44,NULL,NULL,NULL,NULL
1000,2,2016-05-09,4,1,21,15,NULL,NULL,NULL,NULL,NULL,NULL
1005,2,2016-05-09,4,2,22,13,NULL,NULL,NULL,NULL,NULL,NULL
1015,2,2016-05-09,4,3,19,10,NULL,NULL,NULL,NULL,NULL,NULL
1020,2,2016-05-09,4,4,24,14,NULL,NULL,NULL,NULL,NULL,NULL
1075,3,2016-05-09,4,1,21,15,NULL,69,NULL,NULL,NULL,NULL
1080,3,2016-05-09,4,2,21,8,NULL,69,NULL,NULL,NULL,NULL
1010,3,2016-05-09,4,3,22,12,NULL,65,NULL,NULL,NULL,NULL
1085,3,2016-05-09,4,4,26,10,NULL,50,NULL,NULL,NULL,NULL
1429,4,2016-05-09,4,1,21,15,NULL,69,NULL,NULL,NULL,NULL
1514,4,2016-05-09,4,2,21.5,10.5,NULL,69,NULL,NULL,NULL,NULL
1564,4,2016-05-09,4,3,20.5,11,NULL,65,NULL,NULL,NULL,NULL
1614,4,2016-05-09,4,4,25,12,NULL,50,NULL,NULL,NULL,NULL
1001,2,2016-05-09,5,1,20,12,NULL,NULL,NULL,NULL,NULL,NULL
1006,2,2016-05-09,5,2,18,12,NULL,NULL,NULL,NULL,NULL,NULL
1016,2,2016-05-09,5,3,18,12,NULL,NULL,NULL,NULL,NULL,NULL
1021,2,2016-05-09,5,4,22,14,NULL,NULL,NULL,NULL,NULL,NULL
1076,3,2016-05-09,5,1,21,15,NULL,69,NULL,NULL,NULL,NULL
1081,3,2016-05-09,5,2,14,7,NULL,54,NULL,NULL,NULL,NULL
1011,3,2016-05-09,5,3,18,9,NULL,77,NULL,NULL,NULL,NULL
1086,3,2016-05-09,5,4,18,7,NULL,49,NULL,NULL,NULL,NULL
1430,4,2016-05-09,5,1,20.5,13.5,NULL,69,NULL,NULL,NULL,NULL
1515,4,2016-05-09,5,2,16,9.5,NULL,54,NULL,NULL,NULL,NULL
1565,4,2016-05-09,5,3,18,10.5,NULL,77,NULL,NULL,NULL,NULL
1615,4,2016-05-09,5,4,20,10.5,NULL,49,NULL,NULL,NULL,NULL
1098,2,2016-05-10,1,1,26,15,-4.666666666666667,NULL,NULL,-5.333333333333333,NULL,NULL
1103,2,2016-05-10,1,2,20,15,1,NULL,NULL,-1,NULL,NULL
1113,2,2016-05-10,1,3,21,11,-7.5,NULL,NULL,-5.666666666666667,NULL,NULL
1118,2,2016-05-10,1,4,23,12,-7.333333333333333,NULL,NULL,-7.666666666666667,NULL,NULL
1163,3,2016-05-10,1,1,24,17,-5.816666666666666,66,NULL,-3.3000000000000007,-0.2222222222222222,NULL
1168,3,2016-05-10,1,2,21,14,-1,67,NULL,-0.6666666666666666,-29.666666666666668,NULL
1108,3,2016-05-10,1,3,21,10,-10.5,60,NULL,-4.666666666666667,6.666666666666667,NULL
1173,3,2016-05-10,1,4,26,14,-7.833333333333333,41,NULL,-4.333333333333333,-1.1111111111111112,NULL
1431,4,2016-05-10,1,1,25,16,NULL,66,NULL,NULL,NULL,NULL
1516,4,2016-05-10,1,2,20.5,14.5,NULL,67,NULL,NULL,NULL,NULL
1566,4,2016-05-10,1,3,21,10.5,NULL,60,NULL,NULL,NULL,NULL
1616,4,2016-05-10,1,4,24.5,13,NULL,41,NULL,NULL,NULL,NULL
1099,2,2016-05-10,2,1,24,13,NULL,NULL,NULL,NULL,NULL,NULL
1104,2,2016-05-10,2,2,20,12,NULL,NULL,NULL,NULL,NULL,NULL
1114,2,2016-05-10,2,3,19,10,NULL,NULL,NULL,NULL,NULL,NULL
1119,2,2016-05-10,2,4,24,12,NULL,NULL,NULL,NULL,NULL,NULL
1164,3,2016-05-10,2,1,21,14,NULL,69,NULL,NULL,NULL,NULL
1169,3,2016-05-10,2,2,20,13,NULL,75,NULL,NULL,NULL,NULL
1109,3,2016-05-10,2,3,20,10,NULL,66,NULL,NULL,NULL,NULL
1174,3,2016-05-10,2,4,25,13,NULL,45,NULL,NULL,NULL,NULL
1432,4,2016-05-10,2,1,22.5,13.5,NULL,69,NULL,NULL,NULL,NULL
1517,4,2016-05-10,2,2,20,12.5,NULL,75,NULL,NULL,NULL,NULL
1567,4,2016-05-10,2,3,19.5,10,NULL,66,NULL,NULL,NULL,NULL
1617,4,2016-05-10,2,4,24.5,12.5,NULL,45,NULL,NULL,NULL,NULL
958,1,2016-05-10,3,1,19.43,15.87,NULL,77,1018.48,NULL,NULL,NULL
963,1,2016-05-10,3,2,16.58,16.27,NULL,96,1008.83,NULL,NULL,NULL
968,1,2016-05-10,3,3,21.87,13.97,NULL,60,1018.05,NULL,NULL,NULL
973,1,2016-05-10,3,4,22.66,14.12,NULL,46,1021.88,NULL,NULL,NULL
1100,2,2016-05-10,3,1,20,14,NULL,NULL,NULL,NULL,NULL,NULL
1105,2,2016-05-10,3,2,21,13,NULL,NULL,NULL,NULL,NULL,NULL
1115,2,2016-05-10,3,3,20,10,NULL,NULL,NULL,NULL,NULL,NULL
1120,2,2016-05-10,3,4,24,15,NULL,NULL,NULL,NULL,NULL,NULL
1165,3,2016-05-10,3,1,20,14,NULL,67,NULL,NULL,NULL,NULL
1170,3,2016-05-10,3,2,21,8,NULL,67,NULL,NULL,NULL,NULL
1110,3,2016-05-10,3,3,18,11,NULL,72,NULL,NULL,NULL,NULL
1175,3,2016-05-10,3,4,24,9,NULL,55,NULL,NULL,NULL,NULL
1433,4,2016-05-10,3,1,19.81,14.623333333333333,NULL,72,1018.48,NULL,NULL,NULL
1518,4,2016-05-10,3,2,19.526666666666667,12.423333333333332,NULL,81.5,1008.83,NULL,NULL,NULL
1568,4,2016-05-10,3,3,19.956666666666667,11.656666666666666,NULL,66,1018.05,NULL,NULL,NULL
1618,4,2016-05-10,3,4,23.55333333333333,12.706666666666665,NULL,50.5,1021.88,NULL,NULL,NULL
1101,2,2016-05-10,4,1,19,13,NULL,NULL,NULL,NULL,NULL,NULL
1106,2,2016-05-10,4,2,19,13,NULL,NULL,NULL,NULL,NULL,NULL
1116,2,2016-05-10,4,3,17,12,NULL,NULL,NULL,NULL,NULL,NULL
1121,2,2016-05-10,4,4,22,14,NULL,NULL,NULL,NULL,NULL,NULL
1166,3,2016-05-10,4,1,19,15,NULL,73,NULL,NULL,NULL,NULL
1171,3,2016-05-10,4,2,14,7,NULL,55,NULL,NULL,NULL,NULL
1111,3,2016-05-10,4,3,16,9,NULL,74,NULL,NULL,NULL,NULL
1176,3,2016-05-10,4,4,17,7,NULL,42,NULL,NULL,NULL,NULL
1434,4,2016-05-10,4,1,19,14,NULL,73,NULL,NULL,NULL,NULL
1519,4,2016-05-10,4,2,16.5,10,NULL,55,NULL,NULL,NULL,NULL
1569,4,2016-05-10,4,3,16.5,10.5,NULL,74,NULL,NULL,NULL,NULL
1619,4,2016-05-10,4,4,19.5,10.5,NULL,42,NULL,NULL,NULL,NULL
1102,2,2016-05-10,5,1,19,12,NULL,NULL,NULL,NULL,NULL,NULL
1107,2,2016-05-10,5,2,13,7,NULL,NULL,NULL,NULL,NULL,NULL
1117,2,2016-05-10,5,3,14,9,NULL,NULL,NULL,NULL,NULL,NULL
1122,2,2016-05-10,5,4,17,9,NULL,NULL,NULL,NULL,NULL,NULL
1167,3,2016-05-10,5,1,20,14,NULL,71,NULL,NULL,NULL,NULL
1172,3,2016-05-10,5,2,16,7,NULL,53,NULL,NULL,NULL,NULL
1112,3,2016-05-10,5,3,14,6,NULL,67,NULL,NULL,NULL,NULL
1177,3,2016-05-10,5,4,15,7,NULL,53,NULL,NULL,NULL,NULL
1435,4,2016-05-10,5,1,19.5,13,NULL,71,NULL,NULL,NULL,NULL
1520,4,2016-05-10,5,2,14.5,7,NULL,53,NULL,NULL,NULL,NULL
1570,4,2016-05-10,5,3,14,7.5,NULL,67,NULL,NULL,NULL,NULL
1620,4,2016-05-10,5,4,16,8,NULL,53,NULL,NULL,NULL,NULL
1189,2,2016-05-11,1,1,23,15,NULL,NULL,NULL,NULL,NULL,NULL
1194,2,2016-05-11,1,2,19,13,NULL,NULL,NULL,NULL,NULL,NULL
1204,2,2016-05-11,1,3,18,10,NULL,NULL,NULL,NULL,NULL,NULL
1209,2,2016-05-11,1,4,24,13,NULL,NULL,NULL,NULL,NULL,NULL
1254,3,2016-05-11,1,1,21,14,NULL,67,NULL,NULL,NULL,NULL
1259,3,2016-05-11,1,2,21,14,NULL,76,NULL,NULL,NULL,NULL
1199,3,2016-05-11,1,3,19,10,NULL,63,NULL,NULL,NULL,NULL
1264,3,2016-05-11,1,4,25,12,NULL,45,NULL,NULL,NULL,NULL
1701,4,2016-05-11,1,1,22,14.5,NULL,67,NULL,NULL,NULL,NULL
1706,4,2016-05-11,1,2,20,13.5,NULL,76,NULL,NULL,NULL,NULL
1711,4,2016-05-11,1,3,18.5,10,NULL,63,NULL,NULL,NULL,NULL
1716,4,2016-05-11,1,4,24.5,12.5,NULL,45,NULL,NULL,NULL,NULL
1190,2,2016-05-11,2,1,20,14,NULL,NULL,NULL,NULL,NULL,NULL
1195,2,2016-05-11,2,2,20,13,NULL,NULL,NULL,NULL,NULL,NULL
1205,2,2016-05-11,2,3,17,10,NULL,NULL,NULL,NULL,NULL,NULL
1210,2,2016-05-11,2,4,23,14,NULL,NULL,NULL,NULL,NULL,NULL
1255,3,2016-05-11,2,1,21,14,NULL,65,NULL,NULL,NULL,NULL
1260,3,2016-05-11,2,2,23,8,NULL,70,NULL,NULL,NULL,NULL
1200,3,2016-05-11,2,3,20,12,NULL,68,NULL,NULL,NULL,NULL
1265,3,2016-05-11,2,4,23,9,NULL,55,NULL,NULL,NULL,NULL
1702,4,2016-05-11,2,1,20.5,14,NULL,65,NULL,NULL,NULL,NULL
1707,4,2016-05-11,2,2,21.5,10.5,NULL,70,NULL,NULL,NULL,NULL
1712,4,2016-05-11,2,3,18.5,11,NULL,68,NULL,NULL,NULL,NULL
1717,4,2016-05-11,2,4,23,11.5,NULL,55,NULL,NULL,NULL,NULL
1191,2,2016-05-11,3,1,20,12,NULL,NULL,NULL,NULL,NULL,NULL
1196,2,2016-05-11,3,2,20,12,NULL,NULL,NULL,NULL,NULL,NULL
1206,2,2016-05-11,3,3,16,11,NULL,NULL,NULL,NULL,NULL,NULL
1211,2,2016-05-11,3,4,21,13,NULL,NULL,NULL,NULL,NULL,NULL
1256,3,2016-05-11,3,1,19,14,NULL,70,NULL,NULL,NULL,NULL
1261,3,2016-05-11,3,2,14,6,NULL,55,NULL,NULL,NULL,NULL
1201,3,2016-05-11,3,3,18,10,NULL,72,NULL,NULL,NULL,NULL
1266,3,2016-05-11,3,4,16,6,NULL,48,NULL,NULL,NULL,NULL
1703,4,2016-05-11,3,1,19.5,13,NULL,70,NULL,NULL,NULL,NULL
1708,4,2016-05-11,3,2,17,9,NULL,55,NULL,NULL,NULL,NULL
1713,4,2016-05-11,3,3,17,10.5,NULL,72,NULL,NULL,NULL,NULL
1718,4,2016-05-11,3,4,18.5,9.5,NULL,48,NULL,NULL,NULL,NULL
959,1,2016-05-11,4,1,20.06,16.2,NULL,76,1011.47,NULL,NULL,NULL
964,1,2016-05-11,4,2,21.66,15.5,NULL,77,1008.31,NULL,NULL,NULL
969,1,2016-05-11,4,3,18.59,13.6,NULL,82,1012.24,NULL,NULL,NULL
974,1,2016-05-11,4,4,23.26,15,NULL,40,1017.38,NULL,NULL,NULL
1192,2,2016-05-11,4,1,18,12,NULL,NULL,NULL,NULL,NULL,NULL
1197,2,2016-05-11,4,2,14,8,NULL,NULL,NULL,NULL,NULL,NULL
1207,2,2016-05-11,4,3,15,9,NULL,NULL,NULL,NULL,NULL,NULL
1212,2,2016-05-11,4,4,16,10,NULL,NULL,NULL,NULL,NULL,NULL
1257,3,2016-05-11,4,1,21,14,NULL,68,NULL,NULL,NULL,NULL
1262,3,2016-05-11,4,2,16,7,NULL,51,NULL,NULL,NULL,NULL
1202,3,2016-05-11,4,3,17,8,NULL,72,NULL,NULL,NULL,NULL
1267,3,2016-05-11,4,4,15,6,NULL,49,NULL,NULL,NULL,NULL
1704,4,2016-05-11,4,1,19.686666666666667,14.066666666666668,NULL,72,1011.47,NULL,NULL,NULL
1709,4,2016-05-11,4,2,17.22,10.166666666666666,NULL,64,1008.31,NULL,NULL,NULL
1714,4,2016-05-11,4,3,16.863333333333333,10.200000000000001,NULL,77,1012.24,NULL,NULL,NULL
1719,4,2016-05-11,4,4,18.08666666666667,10.333333333333334,NULL,44.5,1017.38,NULL,NULL,NULL
1193,2,2016-05-11,5,1,20,13,NULL,NULL,NULL,NULL,NULL,NULL
1198,2,2016-05-11,5,2,15,5,NULL,NULL,NULL,NULL,NULL,NULL
1208,2,2016-05-11,5,3,13,6,NULL,NULL,NULL,NULL,NULL,NULL
1213,2,2016-05-11,5,4,14,7,NULL,NULL,NULL,NULL,NULL,NULL
1258,3,2016-05-11,5,1,19,12,NULL,67,NULL,NULL,NULL,NULL
1263,3,2016-05-11,5,2,18,9,NULL,59,NULL,NULL,NULL,NULL
1203,3,2016-05-11,5,3,13,5,NULL,65,NULL,NULL,NULL,NULL
1268,3,2016-05-11,5,4,16,8,NULL,55,NULL,NULL,NULL,NULL
1705,4,2016-05-11,5,1,19.5,12.5,NULL,67,NULL,NULL,NULL,NULL
1710,4,2016-05-11,5,2,16.5,7,NULL,59,NULL,NULL,NULL,NULL
1715,4,2016-05-11,5,3,13,5.5,NULL,65,NULL,NULL,NULL,NULL
1720,4,2016-05-11,5,4,15,7.5,NULL,55,NULL,NULL,NULL,NULL
960,1,2016-05-12,5,1,16.66,15.18,NULL,100,1000.99,NULL,NULL,NULL
965,1,2016-05-12,5,2,22.81,17.78,NULL,70,1003.98,NULL,NULL,NULL
970,1,2016-05-12,5,3,15.38,10.32,NULL,62,1009.77,NULL,NULL,NULL
975,1,2016-05-12,5,4,20.81,10.93,NULL,47,1014.93,NULL,NULL,NULL
