8687,4,2,"2016-05-11 21:07:08",NULL,NULL,23
8686,4,1,"2016-05-11 21:07:07",50,1016.94,20.68
8684,3,2,"2016-05-11 21:07:06",NULL,NULL,17
8685,4,3,"2016-05-11 21:07:06",27,1008,23
8682,3,3,"2016-05-11 21:07:05",63,1011,16
8683,3,1,"2016-05-11 21:07:05",63,1012,16
8680,2,1,"2016-05-11 21:07:04",83,1003.48,16.58
8681,2,2,"2016-05-11 21:07:04",NULL,NULL,16
8678,1,2,"2016-05-11 21:07:03",NULL,NULL,20
8679,2,3,"2016-05-11 21:07:03",88,1001,16
8676,1,3,"2016-05-11 21:07:02",83,1005,19.8
8677,1,1,"2016-05-11 21:07:02",95,1014.91,17.78
1669,4,2,"2016-05-11 19:07:08",NULL,NULL,25
1666,3,2,"2016-05-11 19:07:07",NULL,NULL,21
1667,4,3,"2016-05-11 19:07:07",26,1008,25
1668,4,1,"2016-05-11 19:07:07",53,1017.51,22.48
1665,3,1,"2016-05-11 19:07:06",67,1006.07,21.58
1663,2,2,"2016-05-11 19:07:05",NULL,NULL,16
1664,3,3,"2016-05-11 19:07:05",63,1012,17
1661,2,3,"2016-05-11 19:07:04",88,1001,16
1662,2,1,"2016-05-11 19:07:04",86,1004.45,16.78
1659,1,1,"2016-05-11 19:07:03",95,1015.88,17.88
1660,1,2,"2016-05-11 19:07:03",NULL,NULL,21
1658,1,3,"2016-05-11 19:07:02",76,1006,20.6
1651,4,2,"2016-05-11 18:07:09",NULL,NULL,25
1649,4,3,"2016-05-11 18:07:08",25,1008,24
1650,4,1,"2016-05-11 18:07:08",53,1017.51,22.48
1648,3,2,"2016-05-11 18:07:07",NULL,NULL,21
1646,3,3,"2016-05-11 18:07:06",52,1012,19
1647,3,1,"2016-05-11 18:07:06",67,1006.07,21.58
1645,2,2,"2016-05-11 18:07:05",NULL,NULL,16
1642,1,2,"2016-05-11 18:07:04",NULL,NULL,21
1643,2,3,"2016-05-11 18:07:04",94,1002,16
1644,2,1,"2016-05-11 18:07:04",86,1004.45,16.78
1640,1,3,"2016-05-11 18:07:03",72,1006,21.4
1641,1,1,"2016-05-11 18:07:03",95,1015.88,17.88
1633,4,2,"2016-05-11 17:07:08",NULL,NULL,23
1631,4,3,"2016-05-11 17:07:07",28,1009,25
1632,4,1,"2016-05-11 17:07:07",53,1017.51,22.48
1630,3,2,"2016-05-11 17:07:06",NULL,NULL,21
1628,3,3,"2016-05-11 17:07:05",41,1012,22
1629,3,1,"2016-05-11 17:07:05",67,1006.07,21.58
1627,2,2,"2016-05-11 17:07:04",NULL,NULL,16
1624,1,2,"2016-05-11 17:07:03",NULL,NULL,23
1625,2,3,"2016-05-11 17:07:03",94,1002,16
1626,2,1,"2016-05-11 17:07:03",86,1004.45,16.78
1622,1,3,"2016-05-11 17:07:02",66,1006,22.4
1623,1,1,"2016-05-11 17:07:02",95,1015.88,17.88
1614,4,1,"2016-05-11 16:07:08",61,1019.07,22.19
1615,4,2,"2016-05-11 16:07:08",NULL,NULL,23
1612,3,2,"2016-05-11 16:07:07",NULL,NULL,21
1613,4,3,"2016-05-11 16:07:07",29,1010,24
1610,3,3,"2016-05-11 16:07:06",46,1013,21
1611,3,1,"2016-05-11 16:07:06",80,1007.55,21.19
1609,2,2,"2016-05-11 16:07:04",NULL,NULL,17
1606,1,2,"2016-05-11 16:07:03",NULL,NULL,23
1607,2,3,"2016-05-11 16:07:03",100,1002,15
1608,2,1,"2016-05-11 16:07:03",82,1005.36,19.04
1605,1,1,"2016-05-11 16:07:02",99,1016.55,17.84
1604,1,3,"2016-05-11 16:07:01",56,1006,24.5
1597,4,2,"2016-05-11 15:07:08",NULL,NULL,22
1595,4,3,"2016-05-11 15:07:07",31,1010,24
1596,4,1,"2016-05-11 15:07:07",61,1019.07,22.19
1593,3,1,"2016-05-11 15:07:06",80,1007.55,21.19
1594,3,2,"2016-05-11 15:07:06",NULL,NULL,21
1591,2,2,"2016-05-11 15:07:05",NULL,NULL,15
1592,3,3,"2016-05-11 15:07:05",46,1013,21
1589,2,3,"2016-05-11 15:07:04",94,1003,16
1590,2,1,"2016-05-11 15:07:04",82,1005.36,19.04
1587,1,1,"2016-05-11 15:07:03",99,1016.55,17.84
1588,1,2,"2016-05-11 15:07:03",NULL,NULL,22
1586,1,3,"2016-05-11 15:07:02",56,1006,24.9
1578,4,1,"2016-05-11 14:07:08",61,1019.07,22.19
1579,4,2,"2016-05-11 14:07:08",NULL,NULL,22
1576,3,2,"2016-05-11 14:07:07",NULL,NULL,20
1577,4,3,"2016-05-11 14:07:07",31,1011,24
1574,3,3,"2016-05-11 14:07:06",38,1013,23
1575,3,1,"2016-05-11 14:07:06",80,1007.55,21.19
1573,2,2,"2016-05-11 14:07:05",NULL,NULL,15
1570,1,2,"2016-05-11 14:07:04",NULL,NULL,22
1571,2,3,"2016-05-11 14:07:04",94,1003,16
1572,2,1,"2016-05-11 14:07:04",82,1005.36,19.04
1569,1,1,"2016-05-11 14:07:03",99,1016.55,17.84
1568,1,3,"2016-05-11 14:07:02",63,1006,23.9
1560,4,1,"2016-05-11 13:07:08",73,1021.42,20.85
1561,4,2,"2016-05-11 13:07:08",NULL,NULL,22
1558,3,2,"2016-05-11 13:07:07",NULL,NULL,20
1559,4,3,"2016-05-11 13:07:07",38,1011,22
1556,3,3,"2016-05-11 13:07:06",49,1014,21
1557,3,1,"2016-05-11 13:07:06",71,1009.83,21.2
1555,2,2,"2016-05-11 13:07:05",NULL,NULL,15
1552,1,2,"2016-05-11 13:07:04",NULL,NULL,21
1553,2,3,"2016-05-11 13:07:04",94,1003,16
1554,2,1,"2016-05-11 13:07:04",100,1006.34,15.05
1551,1,1,"2016-05-11 13:07:03",60,1007,22.41
1550,1,3,"2016-05-11 13:07:02",56,1007,24.8
1543,4,2,"2016-05-11 12:07:09",NULL,NULL,18
1541,4,3,"2016-05-11 12:07:08",41,1012,22
1542,4,1,"2016-05-11 12:07:08",73,1021.42,20.85
1540,3,2,"2016-05-11 12:07:07",NULL,NULL,18
1537,2,2,"2016-05-11 12:07:06",NULL,NULL,13
1538,3,3,"2016-05-11 12:07:06",49,1015,20
1539,3,1,"2016-05-11 12:07:06",71,1009.83,21.2
1535,2,3,"2016-05-11 12:07:05",100,1003,15
1536,2,1,"2016-05-11 12:07:05",100,1006.34,15.05
1534,1,2,"2016-05-11 12:07:04",NULL,NULL,19
1532,1,3,"2016-05-11 12:07:03",59,1007,23.6
1533,1,1,"2016-05-11 12:07:03",92,1017.12,17.65
1525,4,2,"2016-05-11 11:07:09",NULL,NULL,16
1523,4,3,"2016-05-11 11:07:08",46,1012,20
1524,4,1,"2016-05-11 11:07:08",73,1021.42,20.85
1522,3,2,"2016-05-11 11:07:07",NULL,NULL,16
1519,2,2,"2016-05-11 11:07:06",NULL,NULL,13
1520,3,3,"2016-05-11 11:07:06",49,1015,20
1521,3,1,"2016-05-11 11:07:06",71,1009.83,21.2
1517,2,3,"2016-05-11 11:07:05",100,1004,14
1518,2,1,"2016-05-11 11:07:05",100,1006.34,15.05
1516,1,2,"2016-05-11 11:07:04",NULL,NULL,17
1514,1,3,"2016-05-11 11:07:03",72,1006,20.9
1515,1,1,"2016-05-11 11:07:03",82,1006,18.38
1507,4,2,"2016-05-11 10:07:08",NULL,NULL,16
1505,4,3,"2016-05-11 10:07:07",52,1012,19
1506,4,1,"2016-05-11 10:07:07",67,1021.76,16.51
1503,3,1,"2016-05-11 10:07:06",77,1010.49,18.51
1504,3,2,"2016-05-11 10:07:06",NULL,NULL,16
1501,2,2,"2016-05-11 10:07:05",NULL,NULL,13
1502,3,3,"2016-05-11 10:07:05",56,1015,18
1499,2,3,"2016-05-11 10:07:04",100,1004,13
1500,2,1,"2016-05-11 10:07:04",99,1006.2,13.91
1497,1,1,"2016-05-11 10:07:03",87,1016.57,17.81
1498,1,2,"2016-05-11 10:07:03",NULL,NULL,17
1496,1,3,"2016-05-11 10:07:02",81,1007,18.8
1488,4,1,"2016-05-11 02:07:08",65,1021.92,14.73
1489,4,2,"2016-05-11 02:07:08",NULL,NULL,18
1486,3,2,"2016-05-11 02:07:07",NULL,NULL,15
1487,4,3,"2016-05-11 02:07:07",45,1012,18
1484,3,3,"2016-05-11 02:07:06",63,1016,15
1485,3,1,"2016-05-11 02:07:06",84,1011.15,12.43
1483,2,2,"2016-05-11 02:07:05",NULL,NULL,16
1481,2,3,"2016-05-11 02:07:04",94,1005,14
1482,2,1,"2016-05-11 02:07:04",92,1007.5,13.48
1479,1,1,"2016-05-11 02:07:03",88,1019.9,17.38
1480,1,2,"2016-05-11 02:07:03",NULL,NULL,19
1478,1,3,"2016-05-11 02:07:02",73,1010,19.8
1471,4,2,"2016-05-11 01:07:08",NULL,NULL,20
1468,3,2,"2016-05-11 01:07:07",NULL,NULL,15
1469,4,3,"2016-05-11 01:07:07",49,1013,18
1470,4,1,"2016-05-11 01:07:07",54,1022.02,16.86
1466,3,3,"2016-05-11 01:07:06",63,1017,15
1467,3,1,"2016-05-11 01:07:06",62,1017,15
1465,2,2,"2016-05-11 01:07:05",NULL,NULL,16
1462,1,2,"2016-05-11 01:07:04",NULL,NULL,21
1463,2,3,"2016-05-11 01:07:04",94,1005,15
1464,2,1,"2016-05-11 01:07:04",73,1008.09,17.36
1461,1,1,"2016-05-11 01:07:03",90,1020.97,17.31
1460,1,3,"2016-05-11 01:07:02",71,1010,20.3
1452,4,1,"2016-05-11 00:07:07",54,1022.02,16.86
1453,4,2,"2016-05-11 00:07:07",NULL,NULL,21
1450,3,2,"2016-05-11 00:07:06",NULL,NULL,20
1451,4,3,"2016-05-11 00:07:06",46,1013,19
1448,3,3,"2016-05-11 00:07:05",67,1017,14
1449,3,1,"2016-05-11 00:07:05",68,1011.73,14.71
1447,2,2,"2016-05-11 00:07:04",NULL,NULL,16
1444,1,2,"2016-05-11 00:07:03",NULL,NULL,21
1445,2,3,"2016-05-11 00:07:03",100,1006,15
1446,2,1,"2016-05-11 00:07:03",73,1008.09,17.36
1442,1,3,"2016-05-11 00:07:02",65,1011,20.8
1443,1,1,"2016-05-11 00:07:02",90,1020.97,17.31
1434,4,1,"2016-05-10 23:07:07",55,1013,18.79
1435,4,2,"2016-05-10 23:07:07",NULL,NULL,22
1432,3,2,"2016-05-10 23:07:06",NULL,NULL,20
1433,4,3,"2016-05-10 23:07:06",43,1013,20
1430,3,3,"2016-05-10 23:07:05",67,1018,15
1431,3,1,"2016-05-10 23:07:05",68,1011.73,14.71
1429,2,2,"2016-05-10 23:07:04",NULL,NULL,16
1426,1,2,"2016-05-10 23:07:03",NULL,NULL,22
1427,2,3,"2016-05-10 23:07:03",94,1006,16
1428,2,1,"2016-05-10 23:07:03",93,1006,15.36
1425,1,1,"2016-05-10 23:07:02",90,1020.97,17.31
1424,1,3,"2016-05-10 23:07:01",64,1012,20.6
1417,4,2,"2016-05-10 20:07:08",NULL,NULL,24
1415,4,3,"2016-05-10 20:07:07",33,1012,23
1416,4,1,"2016-05-10 20:07:07",49,1021.51,20.42
1413,3,1,"2016-05-10 20:07:06",43,1017,21
1414,3,2,"2016-05-10 20:07:06",NULL,NULL,22
1411,2,2,"2016-05-10 20:07:05",NULL,NULL,16
1412,3,3,"2016-05-10 20:07:05",43,1017,21
1410,2,1,"2016-05-10 20:07:04",85,1007.27,19.02
1408,1,2,"2016-05-10 20:07:03",NULL,NULL,25
1409,2,3,"2016-05-10 20:07:03",94,1005,16
1406,1,3,"2016-05-10 20:07:02",60,1012,22.9
1407,1,1,"2016-05-10 20:07:02",80,1021.91,18.47
1399,4,2,"2016-05-10 19:07:08",NULL,NULL,25
1397,4,3,"2016-05-10 19:07:07",27,1012,24
1398,4,1,"2016-05-10 19:07:07",53,1022.19,22.22
1395,3,1,"2016-05-10 19:07:06",59,1012.7,22.22
1396,3,2,"2016-05-10 19:07:06",NULL,NULL,24
1393,2,2,"2016-05-10 19:07:05",NULL,NULL,16
1394,3,3,"2016-05-10 19:07:05",38,1017,22
1392,2,1,"2016-05-10 19:07:04",85,1007.27,19.02
1390,1,2,"2016-05-10 19:07:03",NULL,NULL,26
1391,2,3,"2016-05-10 19:07:03",94,1005,16
1388,1,3,"2016-05-10 19:07:02",53,1012,24.6
1389,1,1,"2016-05-10 19:07:02",44,1013,23.73
1381,4,2,"2016-05-10 18:07:12",NULL,NULL,25
1380,4,1,"2016-05-10 18:07:11",53,1022.19,22.22
1378,3,2,"2016-05-10 18:07:10",NULL,NULL,24
1379,4,3,"2016-05-10 18:07:10",27,1013,24
1376,3,3,"2016-05-10 18:07:09",38,1018,22
1377,3,1,"2016-05-10 18:07:09",59,1012.7,22.22
1375,2,2,"2016-05-10 18:07:08",NULL,NULL,17
1373,2,3,"2016-05-10 18:07:07",94,1005,16
1374,2,1,"2016-05-10 18:07:07",85,1007.27,19.02
1372,1,2,"2016-05-10 18:07:06",NULL,NULL,26
1371,1,1,"2016-05-10 18:07:05",44,1013,23.73
1370,1,3,"2016-05-10 18:07:04",42,1013,27.2
1363,4,2,"2016-05-10 15:07:09",NULL,NULL,22
1361,4,3,"2016-05-10 15:07:08",31,1014,23
1362,4,1,"2016-05-10 15:07:08",62,1023.26,21.47
1360,3,2,"2016-05-10 15:07:07",NULL,NULL,24
1358,3,3,"2016-05-10 15:07:06",29,1020,24
1359,3,1,"2016-05-10 15:07:06",64,1014.1,22.07
1356,2,1,"2016-05-10 15:07:05",92,1007.46,17.72
1357,2,2,"2016-05-10 15:07:05",NULL,NULL,17
1354,1,2,"2016-05-10 15:07:04",NULL,NULL,26
1355,2,3,"2016-05-10 15:07:04",88,1005,17
1353,1,1,"2016-05-10 15:07:03",75,1024.4,20.02
1352,1,3,"2016-05-10 15:07:02",39,1014,27.3
1345,4,2,"2016-05-10 14:07:09",NULL,NULL,22
1344,4,1,"2016-05-10 14:07:08",62,1023.26,21.47
1342,3,2,"2016-05-10 14:07:07",NULL,NULL,24
1343,4,3,"2016-05-10 14:07:07",33,1015,23
1340,3,3,"2016-05-10 14:07:06",29,1020,23
1341,3,1,"2016-05-10 14:07:06",28,1020,23
1339,2,2,"2016-05-10 14:07:05",NULL,NULL,16
1336,1,2,"2016-05-10 14:07:04",NULL,NULL,25
1337,2,3,"2016-05-10 14:07:04",88,1006,17
1338,2,1,"2016-05-10 14:07:04",92,1007.46,17.72
1335,1,1,"2016-05-10 14:07:03",75,1024.4,20.02
1334,1,3,"2016-05-10 14:07:02",40,1015,27.4
1327,4,2,"2016-05-10 13:07:08",NULL,NULL,21
1325,4,3,"2016-05-10 13:07:07",38,1016,22
1326,4,1,"2016-05-10 13:07:07",69,1025.59,20.14
1323,3,1,"2016-05-10 13:07:06",31,1021,24
1324,3,2,"2016-05-10 13:07:06",NULL,NULL,22
1321,2,2,"2016-05-10 13:07:05",NULL,NULL,16
1322,3,3,"2016-05-10 13:07:05",31,1021,24
1319,2,3,"2016-05-10 13:07:04",88,1006,16
1320,2,1,"2016-05-10 13:07:04",99,1008.4,15.79
1318,1,2,"2016-05-10 13:07:03",NULL,NULL,23
1316,1,3,"2016-05-10 13:07:02",39,1014,26.8
1317,1,1,"2016-05-10 13:07:02",77,1025.02,19.34
1308,4,1,"2016-05-10 12:07:07",69,1025.59,20.14
1309,4,2,"2016-05-10 12:07:07",NULL,NULL,17
1306,3,2,"2016-05-10 12:07:06",NULL,NULL,18
1307,4,3,"2016-05-10 12:07:06",38,1016,21
1304,3,3,"2016-05-10 12:07:05",33,1021,23
1305,3,1,"2016-05-10 12:07:05",68,1015.86,22.59
1302,2,1,"2016-05-10 12:07:04",99,1008.4,15.79
1303,2,2,"2016-05-10 12:07:04",NULL,NULL,16
1300,1,2,"2016-05-10 12:07:03",NULL,NULL,21
1301,2,3,"2016-05-10 12:07:03",88,1006,16
1298,1,3,"2016-05-10 12:07:02",44,1016,25.2
1299,1,1,"2016-05-10 12:07:02",77,1025.02,19.34
1291,4,2,"2016-05-10 11:07:08",NULL,NULL,17
1288,3,2,"2016-05-10 11:07:07",NULL,NULL,18
1289,4,3,"2016-05-10 11:07:07",46,1017,19
1290,4,1,"2016-05-10 11:07:07",69,1025.59,20.14
1286,3,3,"2016-05-10 11:07:06",41,1022,22
1287,3,1,"2016-05-10 11:07:06",68,1015.86,22.59
1285,2,2,"2016-05-10 11:07:05",NULL,NULL,16
1282,1,2,"2016-05-10 11:07:04",NULL,NULL,18
1283,2,3,"2016-05-10 11:07:04",94,1006,15
1284,2,1,"2016-05-10 11:07:04",99,1008.4,15.79
1281,1,1,"2016-05-10 11:07:03",77,1025.02,19.34
1280,1,3,"2016-05-10 11:07:02",52,1016,23.7
1273,4,2,"2016-05-10 02:07:08",NULL,NULL,18
1271,4,3,"2016-05-10 02:07:07",55,1019,16
1272,4,1,"2016-05-10 02:07:07",50,1027.39,17.8
1270,3,2,"2016-05-10 02:07:06",NULL,NULL,15
1267,2,2,"2016-05-10 02:07:05",NULL,NULL,16
1268,3,3,"2016-05-10 02:07:05",72,1023,12
1269,3,1,"2016-05-10 02:07:05",78,1017.19,11.93
1265,2,3,"2016-05-10 02:07:04",100,1008,15
1266,2,1,"2016-05-10 02:07:04",98,1010.14,15.55
1264,1,2,"2016-05-10 02:07:03",NULL,NULL,20
1262,1,3,"2016-05-10 02:07:02",65,1017,20
1263,1,1,"2016-05-10 02:07:02",92,1027,15.95
1254,4,1,"2016-05-10 00:07:08",50,1027.39,17.8
1255,4,2,"2016-05-10 00:07:08",NULL,NULL,21
1252,3,2,"2016-05-10 00:07:07",NULL,NULL,18
1253,4,3,"2016-05-10 00:07:07",46,1019,19
1250,3,3,"2016-05-10 00:07:06",59,1023,14
1251,3,1,"2016-05-10 00:07:06",73,1017.51,13.75
1248,2,1,"2016-05-10 00:07:05",93,1010.86,16.1
1249,2,2,"2016-05-10 00:07:05",NULL,NULL,16
1246,1,2,"2016-05-10 00:07:04",NULL,NULL,20
1247,2,3,"2016-05-10 00:07:04",100,1009,15
1244,1,3,"2016-05-10 00:07:03",61,1018,20.6
1245,1,1,"2016-05-10 00:07:03",93,1027.07,16.25
1237,4,2,"2016-05-09 23:07:08",NULL,NULL,22
1235,4,3,"2016-05-09 23:07:07",35,1019,21
1236,4,1,"2016-05-09 23:07:07",50,1027.39,17.8
1234,3,2,"2016-05-09 23:07:06",NULL,NULL,18
1232,3,3,"2016-05-09 23:07:05",52,1023,16
1233,3,1,"2016-05-09 23:07:05",54,1016.97,18.38
1230,2,1,"2016-05-09 23:07:04",82,1008,16.77
1231,2,2,"2016-05-09 23:07:04",NULL,NULL,18
1228,1,2,"2016-05-09 23:07:03",NULL,NULL,21
1229,2,3,"2016-05-09 23:07:03",94,1009,16
1227,1,1,"2016-05-09 23:07:02",80,1025.89,17.63
1226,1,3,"2016-05-09 23:07:01",58,1018,20.9
1219,4,2,"2016-05-09 21:01:10",NULL,NULL,25
1217,4,3,"2016-05-09 21:01:09",29,1018,23
1218,4,1,"2016-05-09 21:01:09",47,1026.78,21.03
1216,3,2,"2016-05-09 21:01:08",NULL,NULL,23
1214,3,3,"2016-05-09 21:01:07",40,1022,19
1215,3,1,"2016-05-09 21:01:07",54,1016.97,18.38
1213,2,2,"2016-05-09 21:01:06",NULL,NULL,20
1211,2,3,"2016-05-09 21:01:05",68,1008,19
1212,2,1,"2016-05-09 21:01:05",52,1009.67,20.63
1210,1,2,"2016-05-09 21:01:04",NULL,NULL,22
1208,1,3,"2016-05-09 21:01:02",56,1017,21.2
1209,1,1,"2016-05-09 21:01:02",80,1025.89,17.63
1201,4,2,"2016-05-09 20:01:10",NULL,NULL,25
1199,4,3,"2016-05-09 20:01:09",29,1017,24
1200,4,1,"2016-05-09 20:01:09",50,1027.03,22.88
1198,3,2,"2016-05-09 20:01:08",NULL,NULL,23
1197,3,1,"2016-05-09 20:01:07",54,1016.97,18.38
1195,2,2,"2016-05-09 20:01:06",NULL,NULL,20
1196,3,3,"2016-05-09 20:01:06",38,1022,21
1193,2,3,"2016-05-09 20:01:05",73,1008,19
1194,2,1,"2016-05-09 20:01:05",49,1009.77,22.13
1192,1,2,"2016-05-09 20:01:04",NULL,NULL,23
1190,1,3,"2016-05-09 20:01:03",51,1017,22.4
1191,1,1,"2016-05-09 20:01:03",80,1025.89,17.63
1181,4,2,"2016-05-09 17:01:07",NULL,NULL,24
1178,3,2,"2016-05-09 17:01:06",NULL,NULL,24
1179,4,3,"2016-05-09 17:01:06",28,1018,25
1180,4,1,"2016-05-09 17:01:06",50,1027.03,22.88
1176,3,3,"2016-05-09 17:01:05",24,1023,25
1177,3,1,"2016-05-09 17:01:05",50,1017.14,22.48
1175,2,2,"2016-05-09 17:01:04",NULL,NULL,20
1173,2,3,"2016-05-09 17:01:03",68,1008,19
1174,2,1,"2016-05-09 17:01:03",49,1009.77,22.13
1171,1,1,"2016-05-09 17:01:02",76,1026.79,18.63
1172,1,2,"2016-05-09 17:01:02",NULL,NULL,23
1170,1,3,"2016-05-09 17:01:01",45,1017,25.2
1161,4,2,"2016-05-09 16:01:09",NULL,NULL,24
1159,4,3,"2016-05-09 16:01:08",26,1019,25
1160,4,1,"2016-05-09 16:01:08",59,1028,22.71
1158,3,2,"2016-05-09 16:01:06",NULL,NULL,24
1156,3,3,"2016-05-09 16:01:05",33,1023,23
1157,3,1,"2016-05-09 16:01:05",56,1017.71,23.31
1154,2,1,"2016-05-09 16:01:04",49,1010.5,21.26
1155,2,2,"2016-05-09 16:01:04",NULL,NULL,20
1152,1,2,"2016-05-09 16:01:03",NULL,NULL,24
1153,2,3,"2016-05-09 16:01:03",64,1008,20
1151,1,1,"2016-05-09 16:01:02",80,1027.6,18.81
1150,1,3,"2016-05-09 16:01:01",46,1017,25
1141,4,2,"2016-05-09 15:01:09",NULL,NULL,22
1140,4,1,"2016-05-09 15:01:08",59,1028,22.71
1138,3,2,"2016-05-09 15:01:07",NULL,NULL,22
1139,4,3,"2016-05-09 15:01:07",29,1019,24
1137,3,1,"2016-05-09 15:01:06",56,1017.71,23.31
1135,2,2,"2016-05-09 15:01:05",NULL,NULL,19
1136,3,3,"2016-05-09 15:01:05",25,1024,24
1133,2,3,"2016-05-09 15:01:04",68,1008,19
1134,2,1,"2016-05-09 15:01:04",49,1010.5,21.26
1132,1,2,"2016-05-09 15:01:03",NULL,NULL,22
1130,1,3,"2016-05-09 15:01:02",49,1017,24.4
1131,1,1,"2016-05-09 15:01:02",80,1027.6,18.81
1121,4,2,"2016-05-09 14:01:08",NULL,NULL,22
1118,3,2,"2016-05-09 14:01:07",NULL,NULL,22
1119,4,3,"2016-05-09 14:01:07",33,1020,23
1120,4,1,"2016-05-09 14:01:07",59,1028,22.71
1116,3,3,"2016-05-09 14:01:06",24,1024,24
1117,3,1,"2016-05-09 14:01:06",56,1017.71,23.31
1115,2,2,"2016-05-09 14:01:05",NULL,NULL,19
1112,1,2,"2016-05-09 14:01:04",NULL,NULL,21
1113,2,3,"2016-05-09 14:01:04",68,1008,19
1114,2,1,"2016-05-09 14:01:04",49,1010.5,21.26
1111,1,1,"2016-05-09 14:01:03",80,1027.6,18.81
1110,1,3,"2016-05-09 14:01:02",50,1017,24.4
1100,4,1,"2016-05-09 13:01:08",66,1028.9,20.75
1101,4,2,"2016-05-09 13:01:08",NULL,NULL,22
1098,3,2,"2016-05-09 13:01:07",NULL,NULL,22
1099,4,3,"2016-05-09 13:01:07",35,1020,22
1096,3,3,"2016-05-09 13:01:06",27,1024,22
1097,3,1,"2016-05-09 13:01:06",60,1019.34,21.5
1095,2,2,"2016-05-09 13:01:05",NULL,NULL,19
1092,1,2,"2016-05-09 13:01:04",NULL,NULL,20
1093,2,3,"2016-05-09 13:01:04",68,1008,19
1094,2,1,"2016-05-09 13:01:04",78,1010.42,16.65
1091,1,1,"2016-05-09 13:01:03",84,1027.45,18.1
1090,1,3,"2016-05-09 13:01:02",48,1017,24.4
1081,4,2,"2016-05-09 12:01:08",NULL,NULL,17
1079,4,3,"2016-05-09 12:01:07",35,1021,22
1080,4,1,"2016-05-09 12:01:07",66,1028.9,20.75
1078,3,2,"2016-05-09 12:01:06",NULL,NULL,20
1075,2,2,"2016-05-09 12:01:05",NULL,NULL,18
1076,3,3,"2016-05-09 12:01:05",23,1024,23
1077,3,1,"2016-05-09 12:01:05",60,1019.34,21.5
1073,2,3,"2016-05-09 12:01:04",73,1007,18
1074,2,1,"2016-05-09 12:01:04",78,1010.42,16.65
1072,1,2,"2016-05-09 12:01:03",NULL,NULL,18
1070,1,3,"2016-05-09 12:01:02",51,1017,23
1071,1,1,"2016-05-09 12:01:02",84,1027.45,18.1
1061,4,2,"2016-05-09 11:01:07",NULL,NULL,15
1058,3,2,"2016-05-09 11:01:06",NULL,NULL,19
1059,4,3,"2016-05-09 11:01:06",43,1021,21
1060,4,1,"2016-05-09 11:01:06",63,1029.19,16.4
1057,3,1,"2016-05-09 11:01:05",68,1019.06,18.5
1055,2,2,"2016-05-09 11:01:04",NULL,NULL,18
1056,3,3,"2016-05-09 11:01:04",41,1024,23
1052,1,2,"2016-05-09 11:01:03",NULL,NULL,16
1053,2,3,"2016-05-09 11:01:03",72,1007,17
1054,2,1,"2016-05-09 11:01:03",89,1010.31,15.2
1051,1,1,"2016-05-09 11:01:02",84,1027.45,18.1
1050,1,3,"2016-05-09 11:01:01",58,1017,21.1
1041,4,2,"2016-05-09 10:01:10",NULL,NULL,15
1039,4,3,"2016-05-09 10:01:09",52,1021,18
1040,4,1,"2016-05-09 10:01:09",63,1029.19,16.4
1038,3,2,"2016-05-09 10:01:08",NULL,NULL,19
1035,2,2,"2016-05-09 10:01:07",NULL,NULL,19
1036,3,3,"2016-05-09 10:01:07",40,1024,21
1037,3,1,"2016-05-09 10:01:07",68,1019.06,18.5
1033,2,3,"2016-05-09 10:01:06",77,1007,17
1034,2,1,"2016-05-09 10:01:06",89,1010.31,15.2
1032,1,2,"2016-05-09 10:01:05",NULL,NULL,15
1030,1,3,"2016-05-09 10:01:04",61,1017,19.7
1031,1,1,"2016-05-09 10:01:04",91,1026.51,16.25
1021,4,2,"2016-05-09 04:01:08",NULL,NULL,17
1019,4,3,"2016-05-09 04:01:07",59,1020,15
1020,4,1,"2016-05-09 04:01:07",56,1028.64,15.33
1018,3,2,"2016-05-09 04:01:06",NULL,NULL,17
1015,2,2,"2016-05-09 04:01:05",NULL,NULL,20
1016,3,3,"2016-05-09 04:01:05",41,1024,14
1017,3,1,"2016-05-09 04:01:05",76,1018.75,11.98
1013,2,3,"2016-05-09 04:01:04",64,1008,18
1014,2,1,"2016-05-09 04:01:04",59,1009.83,18.53
1012,1,2,"2016-05-09 04:01:03",NULL,NULL,17
1010,1,3,"2016-05-09 04:01:02",71,1016,18.2
1011,1,1,"2016-05-09 04:01:02",93,1025.72,14.93
1001,4,2,"2016-05-09 03:01:10",NULL,NULL,17
998,3,2,"2016-05-09 03:01:09",NULL,NULL,17
999,4,3,"2016-05-09 03:01:09",52,1020,16
1000,4,1,"2016-05-09 03:01:09",56,1028.64,15.33
996,3,3,"2016-05-09 03:01:06",41,1024,14
997,3,1,"2016-05-09 03:01:06",76,1018.75,11.98
994,2,1,"2016-05-09 03:01:05",59,1009.83,18.53
995,2,2,"2016-05-09 03:01:05",NULL,NULL,20
992,1,2,"2016-05-09 03:01:04",NULL,NULL,17
993,2,3,"2016-05-09 03:01:04",56,1008,19
990,1,3,"2016-05-09 03:01:03",68,1016,18.5
991,1,1,"2016-05-09 03:01:03",93,1025.72,14.93
981,4,2,"2016-05-09 02:01:12",NULL,NULL,17
979,4,3,"2016-05-09 02:01:11",48,1020,17
980,4,1,"2016-05-09 02:01:11",48,1019,14.19
978,3,2,"2016-05-09 02:01:10",NULL,NULL,16
976,3,3,"2016-05-09 02:01:09",39,1024,16
977,3,1,"2016-05-09 02:01:09",76,1018.75,11.98
975,2,2,"2016-05-09 02:01:07",NULL,NULL,21
973,2,3,"2016-05-09 02:01:06",52,1007,19
974,2,1,"2016-05-09 02:01:06",33,1007.69,21.66
972,1,2,"2016-05-09 02:01:05",NULL,NULL,18
970,1,3,"2016-05-09 02:01:04",66,1016,18.9
971,1,1,"2016-05-09 02:01:04",93,1025.72,14.93
961,4,2,"2016-05-09 00:01:08",NULL,NULL,21
959,4,3,"2016-05-09 00:01:07",43,1019,19
960,4,1,"2016-05-09 00:01:07",46,1028.03,17.61
958,3,2,"2016-05-09 00:01:06",NULL,NULL,19
955,2,2,"2016-05-09 00:01:05",NULL,NULL,22
956,3,3,"2016-05-09 00:01:05",39,1024,17
957,3,1,"2016-05-09 00:01:05",61,1018.47,13.31
953,2,3,"2016-05-09 00:01:04",56,1006,20
954,2,1,"2016-05-09 00:01:04",33,1007.69,21.66
952,1,2,"2016-05-09 00:01:03",NULL,NULL,19
950,1,3,"2016-05-09 00:01:02",63,1016,19.1
951,1,1,"2016-05-09 00:01:02",93,1025.36,15.46
941,4,2,"2016-05-08 22:01:11",NULL,NULL,24
938,3,2,"2016-05-08 22:01:10",NULL,NULL,22
939,4,3,"2016-05-08 22:01:10",33,1018,22
940,4,1,"2016-05-08 22:01:10",44,1027.29,20.77
937,3,1,"2016-05-08 22:01:09",55,1017.65,16.92
935,2,2,"2016-05-08 22:01:08",NULL,NULL,25
936,3,3,"2016-05-08 22:01:08",40,1023,19
933,2,3,"2016-05-08 22:01:07",46,1005,22
934,2,1,"2016-05-08 22:01:07",33,1007.03,24.27
932,1,2,"2016-05-08 22:01:06",NULL,NULL,20
931,1,1,"2016-05-08 22:01:05",80,1024.21,17.32
930,1,3,"2016-05-08 22:01:04",64,1014,19.6
921,4,2,"2016-05-08 21:01:08",NULL,NULL,24
919,4,3,"2016-05-08 21:01:07",29,1018,23
920,4,1,"2016-05-08 21:01:07",44,1027.29,20.77
917,3,1,"2016-05-08 21:01:06",55,1017.65,16.92
918,3,2,"2016-05-08 21:01:06",NULL,NULL,22
915,2,2,"2016-05-08 21:01:05",NULL,NULL,25
916,3,3,"2016-05-08 21:01:05",40,1023,20
913,2,3,"2016-05-08 21:01:04",44,1005,23
914,2,1,"2016-05-08 21:01:04",33,1007.03,24.27
912,1,2,"2016-05-08 21:01:03",NULL,NULL,21
910,1,3,"2016-05-08 21:01:02",61,1014,20.1
911,1,1,"2016-05-08 21:01:02",80,1024.21,17.32
900,4,1,"2016-05-08 20:01:07",48,1027.48,22.49
901,4,2,"2016-05-08 20:01:07",NULL,NULL,24
898,3,2,"2016-05-08 20:01:06",NULL,NULL,22
899,4,3,"2016-05-08 20:01:06",27,1018,24
896,3,3,"2016-05-08 20:01:05",40,1023,21
897,3,1,"2016-05-08 20:01:05",52,1017.34,21.34
895,2,2,"2016-05-08 20:01:04",NULL,NULL,26
893,2,3,"2016-05-08 20:01:03",41,1005,24
894,2,1,"2016-05-08 20:01:03",37,1007.69,25.24
891,1,1,"2016-05-08 20:01:02",80,1024.21,17.32
892,1,2,"2016-05-08 20:01:02",NULL,NULL,21
890,1,3,"2016-05-08 20:01:01",52,1014,21.3
881,4,2,"2016-05-08 19:01:08",NULL,NULL,24
879,4,3,"2016-05-08 19:01:07",25,1018,24
880,4,1,"2016-05-08 19:01:07",48,1027.48,22.49
877,3,1,"2016-05-08 19:01:06",52,1017.34,21.34
878,3,2,"2016-05-08 19:01:06",NULL,NULL,23
875,2,2,"2016-05-08 19:01:05",NULL,NULL,24
876,3,3,"2016-05-08 19:01:05",43,1022,22
873,2,3,"2016-05-08 19:01:04",38,1006,24
874,2,1,"2016-05-08 19:01:04",37,1007.69,25.24
871,1,1,"2016-05-08 19:01:03",79,1023.42,18.14
872,1,2,"2016-05-08 19:01:03",NULL,NULL,22
870,1,3,"2016-05-08 19:01:02",48,1014,22.2
861,4,2,"2016-05-08 18:01:08",NULL,NULL,24
859,4,3,"2016-05-08 18:01:07",27,1019,24
860,4,1,"2016-05-08 18:01:07",48,1027.48,22.49
858,3,2,"2016-05-08 18:01:06",NULL,NULL,22
856,3,3,"2016-05-08 18:01:05",41,1022,23
857,3,1,"2016-05-08 18:01:05",52,1017.34,21.34
854,2,1,"2016-05-08 18:01:04",37,1007.69,25.24
855,2,2,"2016-05-08 18:01:04",NULL,NULL,25
852,1,2,"2016-05-08 18:01:03",NULL,NULL,23
853,2,3,"2016-05-08 18:01:03",38,1006,24
850,1,3,"2016-05-08 18:01:02",41,1013,24.2
851,1,1,"2016-05-08 18:01:02",49,1014,21.4
841,4,2,"2016-05-08 17:01:08",NULL,NULL,23
838,3,2,"2016-05-08 17:01:07",NULL,NULL,22
839,4,3,"2016-05-08 17:01:07",29,1019,24
840,4,1,"2016-05-08 17:01:07",48,1027.48,22.49
837,3,1,"2016-05-08 17:01:06",52,1017.34,21.34
835,2,2,"2016-05-08 17:01:05",NULL,NULL,25
836,3,3,"2016-05-08 17:01:05",41,1023,23
833,2,3,"2016-05-08 17:01:04",41,1006,23
834,2,1,"2016-05-08 17:01:04",37,1007.69,25.24
831,1,1,"2016-05-08 17:01:03",79,1023.42,18.14
832,1,2,"2016-05-08 17:01:03",NULL,NULL,23
830,1,3,"2016-05-08 17:01:02",39,1014,25.1
821,4,2,"2016-05-08 16:01:10",NULL,NULL,23
819,4,3,"2016-05-08 16:01:09",27,1019,24
820,4,1,"2016-05-08 16:01:09",56,1028.45,21.77
817,3,1,"2016-05-08 16:01:08",54,1017.83,22.02
818,3,2,"2016-05-08 16:01:08",NULL,NULL,22
815,2,2,"2016-05-08 16:01:07",NULL,NULL,24
816,3,3,"2016-05-08 16:01:07",41,1023,22
813,2,3,"2016-05-08 16:01:06",41,1007,23
814,2,1,"2016-05-08 16:01:06",43,1009.4,23.62
812,1,2,"2016-05-08 16:01:05",NULL,NULL,22
810,1,3,"2016-05-08 16:01:04",43,1014,24.6
811,1,1,"2016-05-08 16:01:04",80,1023.75,18.22
801,4,2,"2016-05-08 15:01:09",NULL,NULL,22
799,4,3,"2016-05-08 15:01:08",31,1019,23
800,4,1,"2016-05-08 15:01:08",56,1028.45,21.77
797,3,1,"2016-05-08 15:01:07",40,1024,22
798,3,2,"2016-05-08 15:01:07",NULL,NULL,22
795,2,2,"2016-05-08 15:01:05",NULL,NULL,22
796,3,3,"2016-05-08 15:01:05",41,1023,22
793,2,3,"2016-05-08 15:01:04",44,1007,23
794,2,1,"2016-05-08 15:01:04",43,1009.4,23.62
791,1,1,"2016-05-08 15:01:03",80,1023.75,18.22
792,1,2,"2016-05-08 15:01:03",NULL,NULL,22
790,1,3,"2016-05-08 15:01:02",48,1014,23.7
781,4,2,"2016-05-08 14:01:08",NULL,NULL,21
779,4,3,"2016-05-08 14:01:07",31,1020,23
780,4,1,"2016-05-08 14:01:07",56,1028.45,21.77
777,3,1,"2016-05-08 14:01:06",54,1017.83,22.02
778,3,2,"2016-05-08 14:01:06",NULL,NULL,21
775,2,2,"2016-05-08 14:01:05",NULL,NULL,21
776,3,3,"2016-05-08 14:01:05",41,1024,22
773,2,3,"2016-05-08 14:01:04",38,1008,23
774,2,1,"2016-05-08 14:01:04",43,1009.4,23.62
772,1,2,"2016-05-08 14:01:03",NULL,NULL,20
770,1,3,"2016-05-08 14:01:02",48,1014,23.5
771,1,1,"2016-05-08 14:01:02",46,1013,21.55
761,4,2,"2016-05-08 13:01:07",NULL,NULL,19
758,3,2,"2016-05-08 13:01:06",NULL,NULL,20
759,4,3,"2016-05-08 13:01:06",31,1020,22
760,4,1,"2016-05-08 13:01:06",35,1020,22.69
757,3,1,"2016-05-08 13:01:05",66,1019.19,20.76
755,2,2,"2016-05-08 13:01:04",NULL,NULL,20
756,3,3,"2016-05-08 13:01:04",41,1024,23
753,2,3,"2016-05-08 13:01:03",38,1008,22
754,2,1,"2016-05-08 13:01:03",42,1010.51,21.31
751,1,1,"2016-05-08 13:01:02",83,1022.27,18.11
752,1,2,"2016-05-08 13:01:02",NULL,NULL,19
750,1,3,"2016-05-08 13:01:01",48,1014,23.1
740,4,1,"2016-05-08 12:01:07",65,1029.48,20.26
741,4,2,"2016-05-08 12:01:07",NULL,NULL,17
738,3,2,"2016-05-08 12:01:06",NULL,NULL,18
739,4,3,"2016-05-08 12:01:06",35,1021,21
736,3,3,"2016-05-08 12:01:05",41,1024,22
737,3,1,"2016-05-08 12:01:05",66,1019.19,20.76
734,2,1,"2016-05-08 12:01:04",42,1010.51,21.31
735,2,2,"2016-05-08 12:01:04",NULL,NULL,20
732,1,2,"2016-05-08 12:01:03",NULL,NULL,17
733,2,3,"2016-05-08 12:01:03",43,1008,20
730,1,3,"2016-05-08 12:01:02",50,1013,21.8
731,1,1,"2016-05-08 12:01:02",83,1022.27,18.11
721,4,2,"2016-05-08 11:01:07",NULL,NULL,15
718,3,2,"2016-05-08 11:01:06",NULL,NULL,16
719,4,3,"2016-05-08 11:01:06",40,1021,20
720,4,1,"2016-05-08 11:01:06",62,1029.27,14.99
716,3,3,"2016-05-08 11:01:05",40,1024,21
717,3,1,"2016-05-08 11:01:05",71,1018.65,16.49
715,2,2,"2016-05-08 11:01:04",NULL,NULL,17
713,2,3,"2016-05-08 11:01:03",43,1008,19
714,2,1,"2016-05-08 11:01:03",43,1009.65,16.49
711,1,1,"2016-05-08 11:01:02",89,1021.41,15.69
712,1,2,"2016-05-08 11:01:02",NULL,NULL,16
710,1,3,"2016-05-08 11:01:01",67,1013,19.6
701,4,2,"2016-05-08 10:01:11",NULL,NULL,15
699,4,3,"2016-05-08 10:01:10",42,1020,18
700,4,1,"2016-05-08 10:01:10",62,1029.27,14.99
698,3,2,"2016-05-08 10:01:09",NULL,NULL,16
696,3,3,"2016-05-08 10:01:08",40,1024,19
697,3,1,"2016-05-08 10:01:08",71,1018.65,16.49
695,2,2,"2016-05-08 10:01:07",NULL,NULL,16
692,1,2,"2016-05-08 10:01:06",NULL,NULL,15
693,2,3,"2016-05-08 10:01:06",63,1008,16
694,2,1,"2016-05-08 10:01:06",43,1009.65,16.49
691,1,1,"2016-05-08 10:01:05",89,1021.41,15.69
690,1,3,"2016-05-08 10:01:04",76,1013,17.7
680,4,1,"2016-05-08 04:01:14",50,1027.73,14.24
681,4,2,"2016-05-08 04:01:14",NULL,NULL,17
678,3,2,"2016-05-08 04:01:13",NULL,NULL,15
679,4,3,"2016-05-08 04:01:13",45,1019,15
677,3,1,"2016-05-08 04:01:11",66,1017.03,9.65
676,3,3,"2016-05-08 04:01:09",37,1023,10
673,1,2,"2016-05-08 04:01:06",NULL,NULL,16
674,2,3,"2016-05-08 04:01:06",67,1007,14
675,2,1,"2016-05-08 04:01:06",41,1009.25,17.05
672,1,1,"2016-05-08 04:01:05",89,1021,14.95
671,1,3,"2016-05-08 04:01:04",76,1012,16.9
663,4,2,"2016-05-08 03:22:25",NULL,NULL,17
660,3,2,"2016-05-08 03:22:24",NULL,NULL,15
661,4,3,"2016-05-08 03:22:24",42,1018,16
662,4,1,"2016-05-08 03:22:24",50,1027.73,14.24
658,3,3,"2016-05-08 03:22:23",38,1023,12
659,3,1,"2016-05-08 03:22:23",66,1017.03,9.65
657,2,2,"2016-05-08 03:22:22",NULL,NULL,17
655,2,3,"2016-05-08 03:22:21",67,1007,14
656,2,1,"2016-05-08 03:22:21",41,1009.25,17.05
653,1,1,"2016-05-08 03:22:20",89,1021,14.95
654,1,2,"2016-05-08 03:22:20",NULL,NULL,16
652,1,3,"2016-05-08 03:22:19",75,1012,17.2
646,4,2,"2016-05-08 03:01:07",NULL,NULL,17
644,3,2,"2016-05-08 03:01:06",NULL,NULL,15
645,4,3,"2016-05-08 03:01:06",42,1018,16
643,3,3,"2016-05-08 03:01:05",41,1022,11
641,2,3,"2016-05-08 03:01:04",63,1007,15
642,2,2,"2016-05-08 03:01:04",NULL,NULL,17
640,1,2,"2016-05-08 03:01:03",NULL,NULL,16
639,1,3,"2016-05-08 03:01:02",74,1012,17.4
633,4,2,"2016-05-08 01:01:07",NULL,NULL,18
632,4,3,"2016-05-08 01:01:06",39,1018,17
630,3,3,"2016-05-08 01:01:05",39,1022,15
631,3,2,"2016-05-08 01:01:05",NULL,NULL,16
629,2,2,"2016-05-08 01:01:04",NULL,NULL,18
628,2,3,"2016-05-08 01:01:03",55,1007,17
627,1,2,"2016-05-08 01:01:02",NULL,NULL,18
626,1,3,"2016-05-08 01:01:01",74,1013,18.4
620,4,2,"2016-05-08 00:01:07",NULL,NULL,21
619,4,3,"2016-05-08 00:01:06",37,1017,18
617,3,3,"2016-05-08 00:01:05",39,1022,16
618,3,2,"2016-05-08 00:01:05",NULL,NULL,19
616,2,2,"2016-05-08 00:01:04",NULL,NULL,23
614,1,2,"2016-05-08 00:01:03",NULL,NULL,20
615,2,3,"2016-05-08 00:01:03",59,1007,16
613,1,3,"2016-05-08 00:01:02",72,1013,18.7
607,4,2,"2016-05-07 23:01:09",NULL,NULL,21
606,4,3,"2016-05-07 23:01:08",30,1017,20
604,3,3,"2016-05-07 23:01:07",39,1022,17
605,3,2,"2016-05-07 23:01:07",NULL,NULL,19
603,2,2,"2016-05-07 23:01:06",NULL,NULL,23
601,1,2,"2016-05-07 23:01:05",NULL,NULL,20
602,2,3,"2016-05-07 23:01:05",46,1007,19
600,1,3,"2016-05-07 23:01:04",69,1012,19.3
594,4,2,"2016-05-07 22:01:08",NULL,NULL,23
593,4,3,"2016-05-07 22:01:07",28,1017,21
592,3,2,"2016-05-07 22:01:06",NULL,NULL,20
590,2,2,"2016-05-07 22:01:05",NULL,NULL,23
591,3,3,"2016-05-07 22:01:05",40,1022,18
588,1,2,"2016-05-07 22:01:04",NULL,NULL,21
589,2,3,"2016-05-07 22:01:04",38,1007,22
587,1,3,"2016-05-07 22:01:03",64,1011,20.2
581,4,2,"2016-05-07 21:01:08",NULL,NULL,23
580,4,3,"2016-05-07 21:01:07",27,1016,22
578,3,3,"2016-05-07 21:01:06",40,1021,19
579,3,2,"2016-05-07 21:01:06",NULL,NULL,21
576,2,3,"2016-05-07 21:01:05",33,1007,23
577,2,2,"2016-05-07 21:01:05",NULL,NULL,24
575,1,2,"2016-05-07 21:01:04",NULL,NULL,21
574,1,3,"2016-05-07 21:01:03",52,1011,20.6
568,4,2,"2016-05-07 20:01:08",NULL,NULL,24
567,4,3,"2016-05-07 20:01:07",23,1016,23
565,3,3,"2016-05-07 20:01:06",40,1021,20
566,3,2,"2016-05-07 20:01:06",NULL,NULL,21
564,2,2,"2016-05-07 20:01:05",NULL,NULL,23
562,1,2,"2016-05-07 20:01:04",NULL,NULL,21
563,2,3,"2016-05-07 20:01:04",36,1007,23
561,1,3,"2016-05-07 20:01:03",52,1012,21.2
555,4,2,"2016-05-07 19:01:21",NULL,NULL,24
554,4,3,"2016-05-07 19:01:20",22,1016,24
553,3,2,"2016-05-07 19:01:19",NULL,NULL,21
551,2,2,"2016-05-07 19:01:18",NULL,NULL,23
552,3,3,"2016-05-07 19:01:18",40,1021,21
550,2,3,"2016-05-07 19:01:17",41,1007,23
549,1,2,"2016-05-07 19:01:16",NULL,NULL,22
548,1,3,"2016-05-07 19:01:02",45,1012,22.9
542,4,2,"2016-05-07 18:01:06",NULL,NULL,25
540,3,2,"2016-05-07 18:01:05",NULL,NULL,22
541,4,3,"2016-05-07 18:01:05",22,1016,24
539,3,3,"2016-05-07 18:01:04",40,1021,21
537,2,3,"2016-05-07 18:01:03",38,1007,23
538,2,2,"2016-05-07 18:01:03",NULL,NULL,23
536,1,2,"2016-05-07 18:01:02",NULL,NULL,23
535,1,3,"2016-05-07 18:01:01",45,1012,22.9
529,4,2,"2016-05-07 17:01:06",NULL,NULL,24
527,3,2,"2016-05-07 17:01:05",NULL,NULL,22
528,4,3,"2016-05-07 17:01:05",22,1016,25
526,3,3,"2016-05-07 17:01:04",38,1021,22
524,2,3,"2016-05-07 17:01:03",41,1008,22
525,2,2,"2016-05-07 17:01:03",NULL,NULL,22
523,1,2,"2016-05-07 17:01:02",NULL,NULL,22
522,1,3,"2016-05-07 17:01:01",48,1013,23.1
516,4,2,"2016-05-07 16:01:06",NULL,NULL,24
514,3,2,"2016-05-07 16:01:05",NULL,NULL,21
515,4,3,"2016-05-07 16:01:05",24,1017,24
512,2,2,"2016-05-07 16:01:04",NULL,NULL,22
513,3,3,"2016-05-07 16:01:04",41,1022,22
511,2,3,"2016-05-07 16:01:03",43,1008,21
510,1,2,"2016-05-07 16:01:02",NULL,NULL,23
509,1,3,"2016-05-07 16:01:01",45,1013,23.7
503,4,2,"2016-05-07 15:01:07",NULL,NULL,23
502,4,3,"2016-05-07 15:01:06",24,1017,24
500,3,3,"2016-05-07 15:01:05",40,1022,21
501,3,2,"2016-05-07 15:01:05",NULL,NULL,20
499,2,2,"2016-05-07 15:01:04",NULL,NULL,20
497,1,2,"2016-05-07 15:01:03",NULL,NULL,23
498,2,3,"2016-05-07 15:01:03",43,1008,20
496,1,3,"2016-05-07 15:01:02",51,1013,22.9
490,4,2,"2016-05-07 14:22:48",NULL,NULL,23
488,3,2,"2016-05-07 14:22:47",NULL,NULL,21
489,4,3,"2016-05-07 14:22:47",25,1018,24
487,3,3,"2016-05-07 14:22:46",41,1022,22
485,2,3,"2016-05-07 14:22:45",43,1008,21
486,2,2,"2016-05-07 14:22:45",NULL,NULL,19
484,1,2,"2016-05-07 14:22:44",NULL,NULL,21
483,1,3,"2016-05-07 14:22:43",52,1013,23
477,4,2,"2016-05-07 14:21:36",NULL,NULL,23
475,3,2,"2016-05-07 14:21:35",NULL,NULL,21
476,4,3,"2016-05-07 14:21:35",25,1018,24
474,3,3,"2016-05-07 14:21:34",41,1022,22
472,2,3,"2016-05-07 14:21:33",43,1008,21
473,2,2,"2016-05-07 14:21:33",NULL,NULL,19
471,1,2,"2016-05-07 14:21:32",NULL,NULL,21
470,1,3,"2016-05-07 14:21:31",52,1013,23
464,4,2,"2016-05-07 14:01:07",NULL,NULL,23
462,3,2,"2016-05-07 14:01:06",NULL,NULL,21
463,4,3,"2016-05-07 14:01:06",25,1018,24
461,3,3,"2016-05-07 14:01:05",40,1022,20
459,2,3,"2016-05-07 14:01:04",43,1008,20
460,2,2,"2016-05-07 14:01:04",NULL,NULL,19
458,1,2,"2016-05-07 14:01:03",NULL,NULL,21
457,1,3,"2016-05-07 14:01:02",50,1014,23.2
451,4,2,"2016-05-07 13:37:46",NULL,NULL,21
449,3,2,"2016-05-07 13:37:45",NULL,NULL,20
450,4,3,"2016-05-07 13:37:45",25,1018,24
447,2,2,"2016-05-07 13:37:44",NULL,NULL,17
448,3,3,"2016-05-07 13:37:44",40,1022,21
446,2,3,"2016-05-07 13:37:43",43,1008,20
445,1,2,"2016-05-07 13:37:42",NULL,NULL,20
444,1,3,"2016-05-07 13:37:41",48,1014,23.7
438,4,2,"2016-05-07 13:16:51",NULL,NULL,21
436,3,2,"2016-05-07 13:16:50",NULL,NULL,20
437,4,3,"2016-05-07 13:16:50",25,1018,23
435,3,3,"2016-05-07 13:16:49",40,1022,21
433,2,3,"2016-05-07 13:16:48",49,1008,19
434,2,2,"2016-05-07 13:16:48",NULL,NULL,17
432,1,2,"2016-05-07 13:16:47",NULL,NULL,20
431,1,3,"2016-05-07 13:16:46",47,1014,24.4
425,4,2,"2016-05-07 03:01:07",NULL,NULL,16
423,3,2,"2016-05-07 03:01:06",NULL,NULL,12
424,4,3,"2016-05-07 03:01:06",48,1018,15
422,3,3,"2016-05-07 03:01:05",40,1021,9
421,2,2,"2016-05-07 03:01:04",NULL,NULL,17
419,1,2,"2016-05-07 03:01:03",NULL,NULL,16
420,2,3,"2016-05-07 03:01:03",72,1009,14
418,1,3,"2016-05-07 03:01:02",58,1015,17.5
412,4,2,"2016-05-07 02:01:07",NULL,NULL,18
411,4,3,"2016-05-07 02:01:06",45,1018,16
409,3,3,"2016-05-07 02:01:05",38,1021,11
410,3,2,"2016-05-07 02:01:05",NULL,NULL,15
408,2,2,"2016-05-07 02:01:04",NULL,NULL,19
406,1,2,"2016-05-07 02:01:03",NULL,NULL,17
407,2,3,"2016-05-07 02:01:03",63,1009,16
405,1,3,"2016-05-07 02:01:02",48,1015,19
399,4,2,"2016-05-07 01:01:07",NULL,NULL,18
397,3,2,"2016-05-07 01:01:06",NULL,NULL,13
398,4,3,"2016-05-07 01:01:06",40,1018,18
396,3,3,"2016-05-07 01:01:05",38,1021,14
394,2,3,"2016-05-07 01:01:04",55,1009,17
395,2,2,"2016-05-07 01:01:04",NULL,NULL,19
393,1,2,"2016-05-07 01:01:03",NULL,NULL,18
392,1,3,"2016-05-07 01:01:02",46,1015,19.3
386,4,2,"2016-05-07 00:01:11",NULL,NULL,19
384,3,2,"2016-05-07 00:01:05",NULL,NULL,15
385,4,3,"2016-05-07 00:01:05",42,1017,18
382,2,2,"2016-05-07 00:01:04",NULL,NULL,21
383,3,3,"2016-05-07 00:01:04",38,1021,13
381,2,3,"2016-05-07 00:01:03",52,1009,18
379,1,3,"2016-05-07 00:01:02",42,1016,19.6
380,1,2,"2016-05-07 00:01:02",NULL,NULL,20
373,4,2,"2016-05-06 23:01:07",NULL,NULL,19
371,3,2,"2016-05-06 23:01:06",NULL,NULL,15
372,4,3,"2016-05-06 23:01:06",37,1017,19
370,3,3,"2016-05-06 23:01:05",38,1020,14
368,2,3,"2016-05-06 23:01:04",46,1009,19
369,2,2,"2016-05-06 23:01:04",NULL,NULL,21
367,1,2,"2016-05-06 23:01:03",NULL,NULL,17
366,1,3,"2016-05-06 23:01:02",40,1016,19.8
360,4,2,"2016-05-06 21:01:06",NULL,NULL,22
358,3,2,"2016-05-06 21:01:05",NULL,NULL,17
359,4,3,"2016-05-06 21:01:05",28,1017,21
356,2,2,"2016-05-06 21:01:04",NULL,NULL,23
357,3,3,"2016-05-06 21:01:04",39,1020,16
355,2,3,"2016-05-06 21:01:03",35,1009,22
354,1,2,"2016-05-06 21:01:02",NULL,NULL,20
353,1,3,"2016-05-06 21:01:01",42,1015,20.8
347,4,2,"2016-05-06 20:01:09",NULL,NULL,22
345,3,2,"2016-05-06 20:01:08",NULL,NULL,18
346,4,3,"2016-05-06 20:01:08",25,1017,23
343,2,2,"2016-05-06 20:01:07",NULL,NULL,24
344,3,3,"2016-05-06 20:01:07",40,1020,18
342,2,3,"2016-05-06 20:01:06",29,1008,23
341,1,2,"2016-05-06 20:01:05",NULL,NULL,21
340,1,3,"2016-05-06 20:01:04",41,1015,21.7
334,4,2,"2016-05-06 19:01:09",NULL,NULL,23
333,4,3,"2016-05-06 19:01:07",22,1017,23
332,3,2,"2016-05-06 19:01:06",NULL,NULL,21
330,2,2,"2016-05-06 19:01:05",NULL,NULL,24
331,3,3,"2016-05-06 19:01:05",40,1020,19
328,1,2,"2016-05-06 19:01:04",NULL,NULL,22
329,2,3,"2016-05-06 19:01:04",29,1009,25
327,1,3,"2016-05-06 19:01:02",39,1015,22.9
321,4,2,"2016-05-06 18:01:07",NULL,NULL,23
319,3,2,"2016-05-06 18:01:06",NULL,NULL,20
320,4,3,"2016-05-06 18:01:06",25,1018,23
318,3,3,"2016-05-06 18:01:05",40,1020,20
317,2,2,"2016-05-06 18:01:04",NULL,NULL,23
315,1,2,"2016-05-06 18:01:03",NULL,NULL,22
316,2,3,"2016-05-06 18:01:03",29,1009,24
314,1,3,"2016-05-06 18:01:02",38,1015,23.8
308,4,2,"2016-05-06 17:01:07",NULL,NULL,23
307,4,3,"2016-05-06 17:01:06",24,1018,24
305,3,3,"2016-05-06 17:01:05",40,1020,21
306,3,2,"2016-05-06 17:01:05",NULL,NULL,20
304,2,2,"2016-05-06 17:01:04",NULL,NULL,23
302,1,2,"2016-05-06 17:01:03",NULL,NULL,23
303,2,3,"2016-05-06 17:01:03",29,1010,24
301,1,3,"2016-05-06 17:01:02",37,1016,23.9
294,4,2,"2016-05-06 16:01:07",NULL,NULL,22
292,3,2,"2016-05-06 16:01:06",NULL,NULL,20
293,4,3,"2016-05-06 16:01:06",27,1019,23
291,3,3,"2016-05-06 16:01:05",40,1020,20
289,2,3,"2016-05-06 16:01:04",36,1010,23
290,2,2,"2016-05-06 16:01:04",NULL,NULL,23
288,1,2,"2016-05-06 16:01:03",NULL,NULL,21
287,1,3,"2016-05-06 16:01:02",39,1017,23.6
281,4,2,"2016-05-06 15:01:07",NULL,NULL,22
279,3,2,"2016-05-06 15:01:06",NULL,NULL,20
280,4,3,"2016-05-06 15:01:06",31,1020,22
278,3,3,"2016-05-06 15:01:05",40,1020,20
276,2,3,"2016-05-06 15:01:04",35,1011,22
277,2,2,"2016-05-06 15:01:04",NULL,NULL,21
275,1,2,"2016-05-06 15:01:03",NULL,NULL,21
274,1,3,"2016-05-06 15:01:02",34,1017,24.3
268,4,2,"2016-05-06 14:01:07",NULL,NULL,19
267,4,3,"2016-05-06 14:01:06",33,1020,22
266,3,2,"2016-05-06 14:01:05",NULL,NULL,18
264,2,2,"2016-05-06 14:01:04",NULL,NULL,18
265,3,3,"2016-05-06 14:01:04",30,1021,20
262,1,2,"2016-05-06 14:01:03",NULL,NULL,20
263,2,3,"2016-05-06 14:01:03",40,1011,21
261,1,3,"2016-05-06 14:01:02",35,1017,23.7
255,4,2,"2016-05-06 13:01:07",NULL,NULL,18
254,4,3,"2016-05-06 13:01:06",33,1021,21
252,3,3,"2016-05-06 13:01:05",33,1021,20
253,3,2,"2016-05-06 13:01:05",NULL,NULL,16
251,2,2,"2016-05-06 13:01:04",NULL,NULL,18
249,1,2,"2016-05-06 13:01:03",NULL,NULL,18
250,2,3,"2016-05-06 13:01:03",49,1012,19
248,1,3,"2016-05-06 13:01:02",39,1018,22.1
242,4,2,"2016-05-06 12:01:11",NULL,NULL,16
240,3,2,"2016-05-06 12:01:10",NULL,NULL,13
241,4,3,"2016-05-06 12:01:10",35,1022,20
238,2,2,"2016-05-06 12:01:09",NULL,NULL,15
239,3,3,"2016-05-06 12:01:09",32,1021,19
236,1,2,"2016-05-06 12:01:07",NULL,NULL,15
237,2,3,"2016-05-06 12:01:07",55,1012,17
235,1,3,"2016-05-06 12:01:06",63,1018,17
229,4,2,"2016-05-05 23:42:31",NULL,NULL,18
227,3,2,"2016-05-05 23:42:30",NULL,NULL,16
228,4,3,"2016-05-05 23:42:30",51,1024,15
226,3,3,"2016-05-05 23:42:29",51,1021,13
225,2,2,"2016-05-05 23:42:28",NULL,NULL,18
224,2,3,"2016-05-05 23:42:23",48,1015,15
223,1,2,"2016-05-05 23:42:05",NULL,NULL,17
222,1,3,"2016-05-05 23:41:09",72,1018,13
216,4,2,"2016-05-05 23:38:48",NULL,NULL,18
215,4,3,"2016-05-05 23:38:47",51,1024,15
213,3,3,"2016-05-05 23:38:45",51,1021,13
214,3,2,"2016-05-05 23:38:45",NULL,NULL,16
212,2,2,"2016-05-05 23:38:44",NULL,NULL,18
210,1,2,"2016-05-05 23:38:43",NULL,NULL,17
211,2,3,"2016-05-05 23:38:43",48,1015,15
209,1,3,"2016-05-05 23:38:42",72,1018,13
204,4,2,"2016-05-05 10:01:09",NULL,NULL,10
202,3,2,"2016-05-05 10:01:08",NULL,NULL,11
203,4,3,"2016-05-05 10:01:08",51,1029,12
201,3,3,"2016-05-05 10:01:07",59,1022,15
199,2,3,"2016-05-05 10:01:06",58,1021,10
200,2,2,"2016-05-05 10:01:06",NULL,NULL,10
198,1,2,"2016-05-05 10:01:05",NULL,NULL,12
197,1,3,"2016-05-05 10:01:04",47,1017,19
194,4,2,"2016-05-04 11:01:11",NULL,NULL,7
192,3,2,"2016-05-04 11:01:10",NULL,NULL,9
193,4,3,"2016-05-04 11:01:10",81,1027,8
190,2,2,"2016-05-04 11:01:09",NULL,NULL,7
191,3,3,"2016-05-04 11:01:09",59,1019,16
189,2,3,"2016-05-04 11:01:08",58,1028,11
188,1,2,"2016-05-04 11:01:07",NULL,NULL,16
187,1,3,"2016-05-04 11:01:06",50,1014,20.3
182,4,2,"2016-05-03 17:01:08",NULL,NULL,18
181,4,3,"2016-05-03 17:01:07",30,1016,19
179,3,3,"2016-05-03 17:01:06",48,1016,17
180,3,2,"2016-05-03 17:01:06",NULL,NULL,13
178,2,2,"2016-05-03 17:01:05",NULL,NULL,14
177,2,3,"2016-05-03 17:01:04",45,1026,15
176,1,2,"2016-05-03 17:01:03",NULL,NULL,22
175,1,3,"2016-05-03 17:01:02",41,1011,24.6
172,4,2,"2016-05-02 02:01:08",NULL,NULL,12
170,3,2,"2016-05-02 02:01:06",NULL,NULL,8
171,4,3,"2016-05-02 02:01:06",44,1025,11
169,3,3,"2016-05-02 02:01:05",93,1024,8
167,2,3,"2016-05-02 02:01:04",62,1028,8
168,2,2,"2016-05-02 02:01:04",NULL,NULL,10
166,1,2,"2016-05-02 02:01:03",NULL,NULL,11
165,1,3,"2016-05-02 02:01:02",75,1011,12.3
121,4,3,"2016-05-01 23:14:31",38,1025,14
122,4,2,"2016-05-01 23:14:31",NULL,NULL,15
120,3,2,"2016-05-01 23:14:30",NULL,NULL,10
118,2,2,"2016-05-01 23:14:29",NULL,NULL,12
119,3,3,"2016-05-01 23:14:29",93,1024,9
116,1,2,"2016-05-01 23:14:28",NULL,NULL,12
117,2,3,"2016-05-01 23:14:28",54,1028,11
115,1,3,"2016-05-01 23:14:27",68,1011,14.2
